CHOICE,ITEM,SUB,custom_id,equal_size,left_larger,left_smaller,mode_id
0,24,1513003540,2,0,1,0,1
1,24,1513003540,2,0,1,0,2
0,24,1513003540,2,0,0,1,3
0,4,1513003540,10,1,0,0,1
1,4,1513003540,10,0,0,1,2
0,4,1513003540,10,0,1,0,3
0,14,1513003540,14,1,0,0,1
1,14,1513003540,14,0,1,0,2
0,14,1513003540,14,0,0,1,3
0,34,1513003540,22,0,0,1,1
0,34,1513003540,22,0,1,0,2
1,34,1513003540,22,0,0,1,3
0,29,1513003540,30,0,0,1,1
0,29,1513003540,30,1,0,0,2
1,29,1513003540,30,0,1,0,3
0,19,1513003540,66,0,1,0,1
1,19,1513003540,66,1,0,0,2
0,19,1513003540,66,1,0,0,3
0,9,1513003540,72,0,0,1,1
1,9,1513003540,72,1,0,0,2
0,9,1513003540,72,0,1,0,3
0,3,1513005195,79,0,1,0,1
1,3,1513005195,79,1,0,0,2
0,3,1513005195,79,0,1,0,3
0,28,1513005195,95,0,1,0,1
1,28,1513005195,95,0,0,1,2
0,28,1513005195,95,1,0,0,3
0,23,1513005195,101,0,1,0,1
1,23,1513005195,101,0,1,0,2
0,23,1513005195,101,1,0,0,3
0,13,1513005195,125,1,0,0,1
1,13,1513005195,125,0,1,0,2
0,13,1513005195,125,0,1,0,3
0,18,1513005195,135,1,0,0,1
1,18,1513005195,135,0,0,1,2
0,18,1513005195,135,1,0,0,3
0,33,1513005195,137,0,0,1,1
1,33,1513005195,137,0,1,0,2
0,33,1513005195,137,0,0,1,3
1,8,1513005195,139,1,0,0,1
0,8,1513005195,139,0,0,1,2
0,8,1513005195,139,0,1,0,3
0,17,1513005474,158,0,0,1,1
1,17,1513005474,158,1,0,0,2
0,17,1513005474,158,1,0,0,3
1,22,1513005474,162,1,0,0,1
0,22,1513005474,162,0,1,0,2
0,22,1513005474,162,0,0,1,3
0,32,1513005474,164,0,1,0,1
0,32,1513005474,164,0,1,0,2
1,32,1513005474,164,1,0,0,3
1,12,1513005474,174,0,1,0,1
0,12,1513005474,174,0,1,0,2
0,12,1513005474,174,0,0,1,3
0,27,1513005474,178,0,0,1,1
0,27,1513005474,178,1,0,0,2
1,27,1513005474,178,0,1,0,3
0,2,1513005474,206,0,0,1,1
1,2,1513005474,206,1,0,0,2
0,2,1513005474,206,1,0,0,3
1,7,1513005474,210,1,0,0,1
0,7,1513005474,210,0,1,0,2
0,7,1513005474,210,0,0,1,3
0,5,1513006726,235,1,0,0,1
1,5,1513006726,235,0,1,0,2
0,5,1513006726,235,0,0,1,3
1,30,1513006726,243,1,0,0,1
0,30,1513006726,243,0,1,0,2
0,30,1513006726,243,1,0,0,3
0,20,1513006726,255,0,0,1,1
1,20,1513006726,255,0,1,0,2
0,20,1513006726,255,0,0,1,3
0,35,1513006726,271,0,0,1,1
1,35,1513006726,271,0,1,0,2
0,35,1513006726,271,0,0,1,3
0,10,1513006726,273,0,0,1,1
0,10,1513006726,273,1,0,0,2
1,10,1513006726,273,0,0,1,3
0,25,1513006726,285,0,0,1,1
0,25,1513006726,285,0,1,0,2
1,25,1513006726,285,0,0,1,3
0,15,1513006726,299,0,1,0,1
1,15,1513006726,299,1,0,0,2
0,15,1513006726,299,1,0,0,3
0,34,1513007007,322,0,1,0,1
0,34,1513007007,322,0,1,0,2
1,34,1513007007,322,1,0,0,3
1,24,1513007007,326,1,0,0,1
0,24,1513007007,326,0,0,1,2
0,24,1513007007,326,0,1,0,3
1,14,1513007007,330,0,1,0,1
0,14,1513007007,330,1,0,0,2
0,14,1513007007,330,0,0,1,3
1,9,1513007007,346,1,0,0,1
0,9,1513007007,346,0,1,0,2
0,9,1513007007,346,0,0,1,3
0,4,1513007007,356,0,1,0,1
1,4,1513007007,356,1,0,0,2
0,4,1513007007,356,0,0,1,3
0,29,1513007007,368,0,0,1,1
1,29,1513007007,368,1,0,0,2
0,29,1513007007,368,0,1,0,3
1,19,1513007007,376,0,1,0,1
0,19,1513007007,376,1,0,0,2
0,19,1513007007,376,0,1,0,3
0,33,1513009610,387,0,1,0,1
0,33,1513009610,387,0,0,1,2
1,33,1513009610,387,0,0,1,3
0,18,1513009610,409,1,0,0,1
0,18,1513009610,409,0,1,0,2
1,18,1513009610,409,1,0,0,3
1,8,1513009610,411,1,0,0,1
0,8,1513009610,411,0,1,0,2
0,8,1513009610,411,0,0,1,3
1,3,1513009610,429,0,0,1,1
0,3,1513009610,429,1,0,0,2
0,3,1513009610,429,0,1,0,3
1,28,1513009610,431,1,0,0,1
0,28,1513009610,431,0,0,1,2
0,28,1513009610,431,0,1,0,3
1,23,1513009610,443,1,0,0,1
0,23,1513009610,443,0,0,1,2
0,23,1513009610,443,0,1,0,3
0,13,1513009610,445,0,1,0,1
1,13,1513009610,445,1,0,0,2
0,13,1513009610,445,1,0,0,3
1,2,1513009715,464,1,0,0,1
0,2,1513009715,464,0,0,1,2
0,2,1513009715,464,0,1,0,3
0,7,1513009715,472,0,0,1,1
0,7,1513009715,472,0,1,0,2
1,7,1513009715,472,1,0,0,3
0,22,1513009715,490,0,1,0,1
1,22,1513009715,490,1,0,0,2
0,22,1513009715,490,0,0,1,3
1,27,1513009715,496,1,0,0,1
0,27,1513009715,496,0,1,0,2
0,27,1513009715,496,0,1,0,3
0,32,1513009715,512,0,0,1,1
1,32,1513009715,512,0,1,0,2
0,32,1513009715,512,0,0,1,3
0,17,1513009715,524,0,0,1,1
0,17,1513009715,524,0,1,0,2
1,17,1513009715,524,1,0,0,3
0,12,1513009715,528,0,1,0,1
1,12,1513009715,528,1,0,0,2
0,12,1513009715,528,1,0,0,3
1,25,1513010203,547,0,0,1,1
0,25,1513010203,547,0,0,1,2
0,25,1513010203,547,1,0,0,3
0,10,1513010203,553,0,0,1,1
1,10,1513010203,553,1,0,0,2
0,10,1513010203,553,0,1,0,3
0,15,1513010203,561,0,0,1,1
1,15,1513010203,561,1,0,0,2
0,15,1513010203,561,0,1,0,3
1,30,1513010203,579,1,0,0,1
0,30,1513010203,579,0,0,1,2
0,30,1513010203,579,0,1,0,3
1,5,1513010203,581,0,0,1,1
0,5,1513010203,581,0,1,0,2
0,5,1513010203,581,1,0,0,3
0,35,1513010203,583,0,0,1,1
1,35,1513010203,583,1,0,0,2
0,35,1513010203,583,0,1,0,3
0,20,1513010203,593,1,0,0,1
1,20,1513010203,593,0,1,0,2
0,20,1513010203,593,1,0,0,3
0,24,1513010709,622,0,0,1,1
0,24,1513010709,622,0,1,0,2
1,24,1513010709,622,1,0,0,3
0,34,1513010709,644,0,1,0,1
0,34,1513010709,644,0,1,0,2
1,34,1513010709,644,0,0,1,3
0,14,1513010709,660,0,0,1,1
0,14,1513010709,660,0,1,0,2
1,14,1513010709,660,0,1,0,3
0,19,1513010709,670,0,1,0,1
0,19,1513010709,670,0,0,1,2
1,19,1513010709,670,1,0,0,3
0,29,1513010709,676,0,0,1,1
1,29,1513010709,676,0,1,0,2
0,29,1513010709,676,0,0,1,3
1,9,1513010709,680,1,0,0,1
0,9,1513010709,680,0,0,1,2
0,9,1513010709,680,0,1,0,3
0,4,1513010709,686,0,1,0,1
0,4,1513010709,686,0,0,1,2
1,4,1513010709,686,1,0,0,3
1,8,1513010783,699,1,0,0,1
0,8,1513010783,699,0,0,1,2
0,8,1513010783,699,1,0,0,3
1,18,1513010783,713,1,0,0,1
0,18,1513010783,713,1,0,0,2
0,18,1513010783,713,0,0,1,3
0,28,1513010783,717,0,0,1,1
1,28,1513010783,717,0,1,0,2
0,28,1513010783,717,0,0,1,3
1,23,1513010783,719,0,1,0,1
0,23,1513010783,719,0,0,1,2
0,23,1513010783,719,0,1,0,3
0,33,1513010783,733,1,0,0,1
0,33,1513010783,733,0,0,1,2
1,33,1513010783,733,1,0,0,3
0,3,1513010783,755,1,0,0,1
1,3,1513010783,755,1,0,0,2
0,3,1513010783,755,0,0,1,3
0,13,1513010783,763,0,1,0,1
0,13,1513010783,763,0,0,1,2
1,13,1513010783,763,1,0,0,3
0,22,1513011460,778,0,0,1,1
1,22,1513011460,778,1,0,0,2
0,22,1513011460,778,1,0,0,3
0,7,1513011460,788,0,0,1,1
1,7,1513011460,788,1,0,0,2
0,7,1513011460,788,0,1,0,3
0,2,1513011460,792,0,1,0,1
0,2,1513011460,792,1,0,0,2
1,2,1513011460,792,1,0,0,3
0,27,1513011460,808,0,0,1,1
0,27,1513011460,808,0,0,1,2
1,27,1513011460,808,1,0,0,3
1,17,1513011460,810,1,0,0,1
0,17,1513011460,810,0,1,0,2
0,17,1513011460,810,0,1,0,3
0,12,1513011460,824,0,0,1,1
1,12,1513011460,824,1,0,0,2
0,12,1513011460,824,0,0,1,3
0,32,1513011460,836,0,1,0,1
1,32,1513011460,836,0,0,1,2
0,32,1513011460,836,1,0,0,3
0,16,1513011474,851,0,0,1,1
1,16,1513011474,851,0,1,0,2
0,16,1513011474,851,1,0,0,3
1,31,1513011474,857,1,0,0,1
0,31,1513011474,857,0,1,0,2
0,31,1513011474,857,0,0,1,3
0,11,1513011474,875,1,0,0,1
1,11,1513011474,875,0,1,0,2
0,11,1513011474,875,0,0,1,3
0,36,1513011474,883,1,0,0,1
1,36,1513011474,883,1,0,0,2
0,36,1513011474,883,0,1,0,3
1,1,1513011474,895,0,1,0,1
0,1,1513011474,895,0,0,1,2
0,1,1513011474,895,1,0,0,3
1,26,1513011474,911,1,0,0,1
0,26,1513011474,911,0,0,1,2
0,26,1513011474,911,0,1,0,3
1,6,1513011474,915,0,1,0,1
0,6,1513011474,915,0,1,0,2
0,6,1513011474,915,0,0,1,3
0,21,1513011474,917,1,0,0,1
1,21,1513011474,917,1,0,0,2
0,21,1513011474,917,0,1,0,3
0,18,1513011747,932,0,0,1,1
1,18,1513011747,932,0,1,0,2
0,18,1513011747,932,0,0,1,3
0,13,1513011747,936,0,0,1,1
0,13,1513011747,936,0,1,0,2
1,13,1513011747,936,1,0,0,3
0,3,1513011747,938,0,0,1,1
0,3,1513011747,938,0,0,1,2
1,3,1513011747,938,0,1,0,3
0,23,1513011747,948,0,1,0,1
1,23,1513011747,948,0,1,0,2
0,23,1513011747,948,0,0,1,3
0,8,1513011747,966,0,0,1,1
1,8,1513011747,966,0,1,0,2
0,8,1513011747,966,0,0,1,3
0,33,1513011747,974,0,0,1,1
1,33,1513011747,974,1,0,0,2
0,33,1513011747,974,0,1,0,3
1,28,1513011747,984,1,0,0,1
0,28,1513011747,984,0,1,0,2
0,28,1513011747,984,0,0,1,3
0,19,1513012166,1011,0,1,0,1
0,19,1513012166,1011,0,0,1,2
1,19,1513012166,1011,1,0,0,3
0,14,1513012166,1013,0,0,1,1
0,14,1513012166,1013,0,1,0,2
1,14,1513012166,1013,0,1,0,3
1,34,1513012166,1015,0,0,1,1
0,34,1513012166,1015,0,0,1,2
0,34,1513012166,1015,1,0,0,3
0,9,1513012166,1039,0,0,1,1
0,9,1513012166,1039,1,0,0,2
1,9,1513012166,1039,0,1,0,3
0,4,1513012166,1049,0,0,1,1
1,4,1513012166,1049,1,0,0,2
0,4,1513012166,1049,0,1,0,3
0,29,1513012166,1067,1,0,0,1
1,29,1513012166,1067,0,1,0,2
0,29,1513012166,1067,0,0,1,3
1,24,1513012166,1071,1,0,0,1
0,24,1513012166,1071,0,0,1,2
0,24,1513012166,1071,0,1,0,3
0,6,1513014470,1082,0,1,0,1
1,6,1513014470,1082,1,0,0,2
0,6,1513014470,1082,0,0,1,3
0,26,1513014470,1104,0,0,1,1
1,26,1513014470,1104,0,1,0,2
0,26,1513014470,1104,0,1,0,3
0,11,1513014470,1108,0,0,1,1
1,11,1513014470,1108,1,0,0,2
0,11,1513014470,1108,1,0,0,3
0,31,1513014470,1110,0,0,1,1
1,31,1513014470,1110,0,1,0,2
0,31,1513014470,1110,0,0,1,3
0,16,1513014470,1112,0,0,1,1
0,16,1513014470,1112,0,1,0,2
1,16,1513014470,1112,0,1,0,3
0,36,1513014470,1116,1,0,0,1
1,36,1513014470,1116,0,1,0,2
0,36,1513014470,1116,0,1,0,3
0,1,1513014470,1144,0,0,1,1
0,1,1513014470,1144,0,0,1,2
1,1,1513014470,1144,1,0,0,3
0,21,1513014470,1150,0,0,1,1
1,21,1513014470,1150,1,0,0,2
0,21,1513014470,1150,1,0,0,3
0,35,1513016873,1169,0,1,0,1
0,35,1513016873,1169,0,0,1,2
1,35,1513016873,1169,0,0,1,3
0,5,1513016873,1183,0,1,0,1
1,5,1513016873,1183,1,0,0,2
0,5,1513016873,1183,0,0,1,3
1,10,1513016873,1193,0,1,0,1
0,10,1513016873,1193,0,0,1,2
0,10,1513016873,1193,1,0,0,3
1,25,1513016873,1195,1,0,0,1
0,25,1513016873,1195,0,1,0,2
0,25,1513016873,1195,0,0,1,3
0,20,1513016873,1199,0,1,0,1
0,20,1513016873,1199,0,0,1,2
1,20,1513016873,1199,1,0,0,3
0,15,1513016873,1207,0,0,1,1
1,15,1513016873,1207,1,0,0,2
0,15,1513016873,1207,0,1,0,3
1,30,1513016873,1217,0,1,0,1
0,30,1513016873,1217,0,0,1,2
0,30,1513016873,1217,0,0,1,3
1,9,1513017037,1234,1,0,0,1
0,9,1513017037,1234,0,1,0,2
0,9,1513017037,1234,0,0,1,3
1,14,1513017037,1238,0,1,0,1
0,14,1513017037,1238,1,0,0,2
0,14,1513017037,1238,0,0,1,3
0,24,1513017037,1242,0,0,1,1
0,24,1513017037,1242,0,1,0,2
1,24,1513017037,1242,0,1,0,3
0,34,1513017037,1258,1,0,0,1
1,34,1513017037,1258,0,1,0,2
0,34,1513017037,1258,0,1,0,3
1,4,1513017037,1264,1,0,0,1
0,4,1513017037,1264,0,1,0,2
0,4,1513017037,1264,1,0,0,3
0,19,1513017037,1284,1,0,0,1
0,19,1513017037,1284,0,0,1,2
1,19,1513017037,1284,0,1,0,3
0,29,1513017037,1294,0,0,1,1
1,29,1513017037,1294,1,0,0,2
0,29,1513017037,1294,0,1,0,3
0,18,1513017208,1327,1,0,0,1
0,18,1513017208,1327,0,1,0,2
1,18,1513017208,1327,1,0,0,3
0,28,1513017208,1335,0,0,1,1
1,28,1513017208,1335,0,1,0,2
0,28,1513017208,1335,0,0,1,3
0,3,1513017208,1343,0,0,1,1
0,3,1513017208,1343,0,1,0,2
1,3,1513017208,1343,1,0,0,3
0,8,1513017208,1347,0,0,1,1
1,8,1513017208,1347,0,0,1,2
0,8,1513017208,1347,0,1,0,3
0,33,1513017208,1367,1,0,0,1
0,33,1513017208,1367,0,0,1,2
1,33,1513017208,1367,1,0,0,3
0,13,1513017208,1371,0,1,0,1
1,13,1513017208,1371,1,0,0,2
0,13,1513017208,1371,0,1,0,3
0,23,1513017208,1381,0,0,1,1
1,23,1513017208,1381,1,0,0,2
0,23,1513017208,1381,1,0,0,3
1,17,1513017356,1396,0,1,0,1
0,17,1513017356,1396,0,0,1,2
0,17,1513017356,1396,1,0,0,3
0,7,1513017356,1432,0,1,0,1
1,7,1513017356,1432,1,0,0,2
0,7,1513017356,1432,0,0,1,3
0,32,1513017356,1442,1,0,0,1
0,32,1513017356,1442,0,0,1,2
1,32,1513017356,1442,0,1,0,3
0,12,1513017356,1446,0,0,1,1
1,12,1513017356,1446,0,0,1,2
0,12,1513017356,1446,1,0,0,3
0,2,1513017356,1450,0,0,1,1
1,2,1513017356,1450,0,1,0,2
0,2,1513017356,1450,1,0,0,3
0,27,1513017356,1452,0,0,1,1
1,27,1513017356,1452,0,1,0,2
0,27,1513017356,1452,0,1,0,3
0,22,1513017356,1454,1,0,0,1
0,22,1513017356,1454,0,1,0,2
1,22,1513017356,1454,0,0,1,3
0,26,1513017932,1469,1,0,0,1
1,26,1513017932,1469,1,0,0,2
0,26,1513017932,1469,0,0,1,3
0,16,1513017932,1479,1,0,0,1
1,16,1513017932,1479,0,0,1,2
0,16,1513017932,1479,0,1,0,3
0,11,1513017932,1485,0,0,1,1
1,11,1513017932,1485,1,0,0,2
0,11,1513017932,1485,0,1,0,3
1,36,1513017932,1489,0,1,0,1
0,36,1513017932,1489,0,0,1,2
0,36,1513017932,1489,1,0,0,3
1,6,1513017932,1505,0,0,1,1
0,6,1513017932,1505,0,0,1,2
0,6,1513017932,1505,0,1,0,3
0,21,1513017932,1507,0,0,1,1
1,21,1513017932,1507,1,0,0,2
0,21,1513017932,1507,0,1,0,3
0,31,1513017932,1531,0,0,1,1
1,31,1513017932,1531,1,0,0,2
0,31,1513017932,1531,1,0,0,3
0,1,1513017932,1535,1,0,0,1
1,1,1513017932,1535,0,0,1,2
0,1,1513017932,1535,0,1,0,3
0,7,1513018972,1542,0,1,0,1
1,7,1513018972,1542,1,0,0,2
0,7,1513018972,1542,0,0,1,3
0,27,1513018972,1546,0,1,0,1
0,27,1513018972,1546,0,1,0,2
1,27,1513018972,1546,0,0,1,3
0,17,1513018972,1548,0,1,0,1
1,17,1513018972,1548,1,0,0,2
0,17,1513018972,1548,0,1,0,3
0,32,1513018972,1578,0,0,1,1
1,32,1513018972,1578,1,0,0,2
0,32,1513018972,1578,0,1,0,3
0,2,1513018972,1580,0,0,1,1
1,2,1513018972,1580,1,0,0,2
0,2,1513018972,1580,0,1,0,3
0,12,1513018972,1604,0,0,1,1
0,12,1513018972,1604,0,0,1,2
1,12,1513018972,1604,1,0,0,3
0,22,1513018972,1606,1,0,0,1
0,22,1513018972,1606,0,0,1,2
1,22,1513018972,1606,0,1,0,3
1,1,1513019358,1633,1,0,0,1
0,1,1513019358,1633,1,0,0,2
0,1,1513019358,1633,0,0,1,3
1,11,1513019358,1637,1,0,0,1
0,11,1513019358,1637,0,0,1,2
0,11,1513019358,1637,0,1,0,3
0,36,1513019358,1647,0,0,1,1
1,36,1513019358,1647,1,0,0,2
0,36,1513019358,1647,0,1,0,3
1,26,1513019358,1649,0,0,1,1
0,26,1513019358,1649,0,0,1,2
0,26,1513019358,1649,1,0,0,3
0,16,1513019358,1655,0,1,0,1
1,16,1513019358,1655,0,0,1,2
0,16,1513019358,1655,1,0,0,3
1,31,1513019358,1659,0,1,0,1
0,31,1513019358,1659,0,0,1,2
0,31,1513019358,1659,1,0,0,3
0,6,1513019358,1685,0,1,0,1
1,6,1513019358,1685,1,0,0,2
0,6,1513019358,1685,0,0,1,3
0,21,1513019358,1687,0,0,1,1
0,21,1513019358,1687,0,1,0,2
1,21,1513019358,1687,1,0,0,3
0,14,1513019785,1696,0,1,0,1
0,14,1513019785,1696,0,0,1,2
1,14,1513019785,1696,1,0,0,3
0,9,1513019785,1706,0,0,1,1
0,9,1513019785,1706,0,0,1,2
1,9,1513019785,1706,1,0,0,3
1,34,1513019785,1716,0,0,1,1
0,34,1513019785,1716,0,0,1,2
0,34,1513019785,1716,0,1,0,3
0,19,1513019785,1718,0,1,0,1
1,19,1513019785,1718,1,0,0,2
0,19,1513019785,1718,1,0,0,3
1,4,1513019785,1720,0,0,1,1
0,4,1513019785,1720,0,1,0,2
0,4,1513019785,1720,1,0,0,3
1,24,1513019785,1724,1,0,0,1
0,24,1513019785,1724,0,1,0,2
0,24,1513019785,1724,0,0,1,3
1,29,1513019785,1758,1,0,0,1
0,29,1513019785,1758,0,1,0,2
0,29,1513019785,1758,0,1,0,3
0,35,1513020287,1791,0,0,1,1
0,35,1513020287,1791,1,0,0,2
1,35,1513020287,1791,1,0,0,3
0,15,1513020287,1797,1,0,0,1
0,15,1513020287,1797,0,0,1,2
1,15,1513020287,1797,1,0,0,3
1,10,1513020287,1803,1,0,0,1
0,10,1513020287,1803,0,0,1,2
0,10,1513020287,1803,1,0,0,3
0,20,1513020287,1809,0,1,0,1
0,20,1513020287,1809,0,1,0,2
1,20,1513020287,1809,1,0,0,3
1,5,1513020287,1817,1,0,0,1
0,5,1513020287,1817,0,1,0,2
0,5,1513020287,1817,0,1,0,3
1,25,1513020287,1825,1,0,0,1
0,25,1513020287,1825,0,1,0,2
0,25,1513020287,1825,0,0,1,3
1,30,1513020287,1841,0,0,1,1
0,30,1513020287,1841,0,1,0,2
0,30,1513020287,1841,1,0,0,3
0,5,1513021682,1852,0,1,0,1
0,5,1513021682,1852,0,0,1,2
1,5,1513021682,1852,1,0,0,3
0,20,1513021682,1856,0,0,1,1
0,20,1513021682,1856,1,0,0,2
1,20,1513021682,1856,0,1,0,3
0,25,1513021682,1862,0,0,1,1
1,25,1513021682,1862,1,0,0,2
0,25,1513021682,1862,0,1,0,3
1,10,1513021682,1864,1,0,0,1
0,10,1513021682,1864,0,0,1,2
0,10,1513021682,1864,0,1,0,3
0,15,1513021682,1878,0,0,1,1
0,15,1513021682,1878,1,0,0,2
1,15,1513021682,1878,1,0,0,3
1,35,1513021682,1880,0,1,0,1
0,35,1513021682,1880,1,0,0,2
0,35,1513021682,1880,0,0,1,3
0,30,1513021682,1914,1,0,0,1
1,30,1513021682,1914,1,0,0,2
0,30,1513021682,1914,0,0,1,3
0,26,1513021702,1929,0,0,1,1
0,26,1513021702,1929,0,0,1,2
1,26,1513021702,1929,0,1,0,3
0,36,1513021702,1941,0,1,0,1
1,36,1513021702,1941,1,0,0,2
0,36,1513021702,1941,1,0,0,3
0,1,1513021702,1943,0,1,0,1
0,1,1513021702,1943,1,0,0,2
1,1,1513021702,1943,1,0,0,3
0,6,1513021702,1949,0,0,1,1
0,6,1513021702,1949,0,1,0,2
1,6,1513021702,1949,0,0,1,3
1,16,1513021702,1953,1,0,0,1
0,16,1513021702,1953,0,1,0,2
0,16,1513021702,1953,0,0,1,3
0,21,1513021702,1959,0,1,0,1
0,21,1513021702,1959,0,0,1,2
1,21,1513021702,1959,1,0,0,3
1,31,1513021702,1967,1,0,0,1
0,31,1513021702,1967,1,0,0,2
0,31,1513021702,1967,0,1,0,3
1,11,1513021702,1995,1,0,0,1
0,11,1513021702,1995,0,1,0,2
0,11,1513021702,1995,0,0,1,3
1,14,1513021703,2008,0,1,0,1
0,14,1513021703,2008,0,0,1,2
0,14,1513021703,2008,0,0,1,3
0,9,1513021703,2032,0,1,0,1
0,9,1513021703,2032,0,0,1,2
1,9,1513021703,2032,1,0,0,3
1,4,1513021703,2034,1,0,0,1
0,4,1513021703,2034,0,1,0,2
0,4,1513021703,2034,0,0,1,3
0,34,1513021703,2038,0,0,1,1
0,34,1513021703,2038,0,1,0,2
1,34,1513021703,2038,1,0,0,3
0,29,1513021703,2042,0,1,0,1
0,29,1513021703,2042,0,0,1,2
1,29,1513021703,2042,1,0,0,3
0,19,1513021703,2050,0,0,1,1
0,19,1513021703,2050,0,1,0,2
1,19,1513021703,2050,1,0,0,3
0,24,1513021703,2066,0,1,0,1
0,24,1513021703,2066,0,1,0,2
1,24,1513021703,2066,1,0,0,3
0,13,1513021877,2081,0,0,1,1
1,13,1513021877,2081,1,0,0,2
0,13,1513021877,2081,0,0,1,3
0,28,1513021877,2085,1,0,0,1
1,28,1513021877,2085,0,0,1,2
0,28,1513021877,2085,0,1,0,3
0,3,1513021877,2105,0,0,1,1
1,3,1513021877,2105,1,0,0,2
0,3,1513021877,2105,0,1,0,3
1,23,1513021877,2115,1,0,0,1
0,23,1513021877,2115,0,0,1,2
0,23,1513021877,2115,0,0,1,3
0,8,1513021877,2121,1,0,0,1
0,8,1513021877,2121,0,0,1,2
1,8,1513021877,2121,0,0,1,3
0,18,1513021877,2125,0,1,0,1
0,18,1513021877,2125,0,1,0,2
1,18,1513021877,2125,1,0,0,3
1,33,1513021877,2141,0,1,0,1
0,33,1513021877,2141,0,1,0,2
0,33,1513021877,2141,0,0,1,3
0,32,1513021918,2158,0,0,1,1
1,32,1513021918,2158,1,0,0,2
0,32,1513021918,2158,0,1,0,3
0,22,1513021918,2160,1,0,0,1
1,22,1513021918,2160,0,0,1,2
0,22,1513021918,2160,1,0,0,3
0,12,1513021918,2168,1,0,0,1
0,12,1513021918,2168,1,0,0,2
1,12,1513021918,2168,0,0,1,3
0,27,1513021918,2196,0,0,1,1
1,27,1513021918,2196,0,1,0,2
0,27,1513021918,2196,1,0,0,3
0,7,1513021918,2198,0,1,0,1
1,7,1513021918,2198,0,0,1,2
0,7,1513021918,2198,1,0,0,3
0,17,1513021918,2208,0,0,1,1
1,17,1513021918,2208,0,0,1,2
0,17,1513021918,2208,0,1,0,3
0,2,1513021918,2220,0,1,0,1
1,2,1513021918,2220,1,0,0,2
0,2,1513021918,2220,1,0,0,3
0,2,1513022949,2243,0,0,1,1
0,2,1513022949,2243,0,0,1,2
1,2,1513022949,2243,1,0,0,3
0,17,1513022949,2257,0,1,0,1
1,17,1513022949,2257,1,0,0,2
0,17,1513022949,2257,1,0,0,3
0,32,1513022949,2261,0,1,0,1
1,32,1513022949,2261,1,0,0,2
0,32,1513022949,2261,0,0,1,3
0,7,1513022949,2277,0,0,1,1
1,7,1513022949,2277,1,0,0,2
0,7,1513022949,2277,1,0,0,3
0,12,1513022949,2285,0,0,1,1
0,12,1513022949,2285,1,0,0,2
1,12,1513022949,2285,0,1,0,3
0,27,1513022949,2291,0,0,1,1
0,27,1513022949,2291,0,0,1,2
1,27,1513022949,2291,0,1,0,3
0,22,1513022949,2293,0,0,1,1
1,22,1513022949,2293,0,1,0,2
0,22,1513022949,2293,0,1,0,3
0,10,1513023445,2314,1,0,0,1
0,10,1513023445,2314,1,0,0,2
1,10,1513023445,2314,0,1,0,3
0,15,1513023445,2324,0,0,1,1
1,15,1513023445,2324,0,0,1,2
0,15,1513023445,2324,0,1,0,3
1,25,1513023445,2332,1,0,0,1
0,25,1513023445,2332,0,0,1,2
0,25,1513023445,2332,1,0,0,3
0,35,1513023445,2340,0,1,0,1
1,35,1513023445,2340,1,0,0,2
0,35,1513023445,2340,0,0,1,3
0,5,1513023445,2366,1,0,0,1
1,5,1513023445,2366,0,1,0,2
0,5,1513023445,2366,0,0,1,3
0,20,1513023445,2368,1,0,0,1
1,20,1513023445,2368,0,0,1,2
0,20,1513023445,2368,1,0,0,3
0,30,1513023445,2370,0,1,0,1
1,30,1513023445,2370,0,0,1,2
0,30,1513023445,2370,1,0,0,3
0,6,1513023542,2393,0,0,1,1
0,6,1513023542,2393,0,0,1,2
1,6,1513023542,2393,0,1,0,3
0,31,1513023542,2399,0,0,1,1
1,31,1513023542,2399,0,1,0,2
0,31,1513023542,2399,0,1,0,3
1,26,1513023542,2405,0,1,0,1
0,26,1513023542,2405,1,0,0,2
0,26,1513023542,2405,0,0,1,3
0,16,1513023542,2435,1,0,0,1
1,16,1513023542,2435,0,0,1,2
0,16,1513023542,2435,0,0,1,3
0,11,1513023542,2439,0,1,0,1
1,11,1513023542,2439,1,0,0,2
0,11,1513023542,2439,0,1,0,3
1,36,1513023542,2445,0,0,1,1
0,36,1513023542,2445,0,1,0,2
0,36,1513023542,2445,0,1,0,3
0,21,1513023542,2449,0,0,1,1
1,21,1513023542,2449,1,0,0,2
0,21,1513023542,2449,0,1,0,3
0,1,1513023542,2459,0,1,0,1
1,1,1513023542,2459,0,0,1,2
0,1,1513023542,2459,0,1,0,3
1,13,1513026709,2470,0,1,0,1
0,13,1513026709,2470,1,0,0,2
0,13,1513026709,2470,0,0,1,3
1,23,1513026709,2480,1,0,0,1
0,23,1513026709,2480,1,0,0,2
0,23,1513026709,2480,0,1,0,3
0,8,1513026709,2502,0,1,0,1
0,8,1513026709,2502,0,0,1,2
1,8,1513026709,2502,0,0,1,3
1,33,1513026709,2510,1,0,0,1
0,33,1513026709,2510,0,0,1,2
0,33,1513026709,2510,0,0,1,3
0,18,1513026709,2512,0,1,0,1
1,18,1513026709,2512,1,0,0,2
0,18,1513026709,2512,0,1,0,3
1,3,1513026709,2520,0,1,0,1
0,3,1513026709,2520,0,1,0,2
0,3,1513026709,2520,0,0,1,3
0,28,1513026709,2528,0,1,0,1
1,28,1513026709,2528,1,0,0,2
0,28,1513026709,2528,0,0,1,3
0,14,1516198991,2547,0,1,0,1
0,14,1516198991,2547,0,0,1,2
1,14,1516198991,2547,1,0,0,3
0,19,1516198991,2563,0,0,1,1
1,19,1516198991,2563,0,0,1,2
0,19,1516198991,2563,1,0,0,3
0,29,1516198991,2565,0,0,1,1
1,29,1516198991,2565,0,0,1,2
0,29,1516198991,2565,0,1,0,3
0,9,1516198991,2581,0,1,0,1
1,9,1516198991,2581,0,0,1,2
0,9,1516198991,2581,0,0,1,3
1,4,1516198991,2589,0,0,1,1
0,4,1516198991,2589,0,0,1,2
0,4,1516198991,2589,1,0,0,3
1,24,1516198991,2599,1,0,0,1
0,24,1516198991,2599,0,0,1,2
0,24,1516198991,2599,0,1,0,3
1,34,1516198991,2603,1,0,0,1
0,34,1516198991,2603,0,1,0,2
0,34,1516198991,2603,0,0,1,3
0,5,1516199325,2622,0,0,1,1
0,5,1516199325,2622,0,1,0,2
1,5,1516199325,2622,1,0,0,3
0,30,1516199325,2624,0,1,0,1
0,30,1516199325,2624,0,1,0,2
1,30,1516199325,2624,1,0,0,3
1,25,1516199325,2626,1,0,0,1
0,25,1516199325,2626,0,1,0,2
0,25,1516199325,2626,0,0,1,3
1,35,1516199325,2636,0,0,1,1
0,35,1516199325,2636,0,1,0,2
0,35,1516199325,2636,1,0,0,3
0,20,1516199325,2644,0,1,0,1
1,20,1516199325,2644,0,0,1,2
0,20,1516199325,2644,1,0,0,3
0,15,1516199325,2668,1,0,0,1
0,15,1516199325,2668,0,1,0,2
1,15,1516199325,2668,1,0,0,3
1,10,1516199325,2684,1,0,0,1
0,10,1516199325,2684,0,0,1,2
0,10,1516199325,2684,1,0,0,3
0,12,1516199706,2709,0,0,1,1
1,12,1516199706,2709,0,0,1,2
0,12,1516199706,2709,0,1,0,3
0,32,1516199706,2735,0,0,1,1
0,32,1516199706,2735,1,0,0,2
1,32,1516199706,2735,1,0,0,3
1,17,1516199706,2737,1,0,0,1
0,17,1516199706,2737,0,1,0,2
0,17,1516199706,2737,0,1,0,3
0,2,1516199706,2739,0,0,1,1
1,2,1516199706,2739,1,0,0,2
0,2,1516199706,2739,0,1,0,3
1,7,1516199706,2741,0,0,1,1
0,7,1516199706,2741,0,1,0,2
0,7,1516199706,2741,0,1,0,3
0,22,1516199706,2743,1,0,0,1
0,22,1516199706,2743,0,1,0,2
1,22,1516199706,2743,0,1,0,3
0,27,1516199706,2745,0,1,0,1
1,27,1516199706,2745,0,1,0,2
0,27,1516199706,2745,0,0,1,3
0,25,1516199854,2780,0,0,1,1
1,25,1516199854,2780,0,1,0,2
0,25,1516199854,2780,0,0,1,3
1,5,1516199854,2790,1,0,0,1
0,5,1516199854,2790,0,1,0,2
0,5,1516199854,2790,0,1,0,3
0,20,1516199854,2792,0,0,1,1
1,20,1516199854,2792,1,0,0,2
0,20,1516199854,2792,0,0,1,3
1,35,1516199854,2796,1,0,0,1
0,35,1516199854,2796,0,0,1,2
0,35,1516199854,2796,0,1,0,3
0,15,1516199854,2806,0,0,1,1
1,15,1516199854,2806,1,0,0,2
0,15,1516199854,2806,0,0,1,3
0,30,1516199854,2816,1,0,0,1
0,30,1516199854,2816,0,1,0,2
1,30,1516199854,2816,1,0,0,3
1,10,1516199854,2834,1,0,0,1
0,10,1516199854,2834,0,0,1,2
0,10,1516199854,2834,0,1,0,3
0,16,1516199862,2879,1,0,0,1
1,16,1516199862,2879,0,1,0,2
0,16,1516199862,2879,1,0,0,3
1,6,1516199862,2887,0,0,1,1
0,6,1516199862,2887,0,1,0,2
0,6,1516199862,2887,0,1,0,3
0,31,1516199862,2895,0,0,1,1
0,31,1516199862,2895,0,0,1,2
1,31,1516199862,2895,1,0,0,3
0,11,1516199862,2899,0,0,1,1
1,11,1516199862,2899,0,1,0,2
0,11,1516199862,2899,1,0,0,3
0,21,1516199862,2907,0,0,1,1
1,21,1516199862,2907,1,0,0,2
0,21,1516199862,2907,0,1,0,3
0,1,1516199862,2909,1,0,0,1
1,1,1516199862,2909,0,0,1,2
0,1,1516199862,2909,0,0,1,3
1,26,1516199862,2911,0,0,1,1
0,26,1516199862,2911,0,0,1,2
0,26,1516199862,2911,1,0,0,3
1,36,1516199862,2919,1,0,0,1
0,36,1516199862,2919,0,0,1,2
0,36,1516199862,2919,0,1,0,3
0,8,1516200748,2930,0,0,1,1
0,8,1516200748,2930,0,1,0,2
1,8,1516200748,2930,1,0,0,3
0,33,1516200748,2938,0,0,1,1
1,33,1516200748,2938,1,0,0,2
0,33,1516200748,2938,0,1,0,3
0,18,1516200748,2954,1,0,0,1
1,18,1516200748,2954,0,1,0,2
0,18,1516200748,2954,0,0,1,3
0,3,1516200748,2968,0,0,1,1
0,3,1516200748,2968,0,1,0,2
1,3,1516200748,2968,0,1,0,3
0,28,1516200748,2976,0,0,1,1
0,28,1516200748,2976,0,1,0,2
1,28,1516200748,2976,1,0,0,3
1,13,1516200748,2986,0,1,0,1
0,13,1516200748,2986,0,1,0,2
0,13,1516200748,2986,0,0,1,3
1,23,1516200748,2988,1,0,0,1
0,23,1516200748,2988,1,0,0,2
0,23,1516200748,2988,0,1,0,3
1,33,1516202508,3017,1,0,0,1
0,33,1516202508,3017,0,0,1,2
0,33,1516202508,3017,0,1,0,3
1,23,1516202508,3029,1,0,0,1
0,23,1516202508,3029,0,1,0,2
0,23,1516202508,3029,0,1,0,3
1,18,1516202508,3031,1,0,0,1
0,18,1516202508,3031,1,0,0,2
0,18,1516202508,3031,0,1,0,3
0,8,1516202508,3033,0,0,1,1
0,8,1516202508,3033,0,1,0,2
1,8,1516202508,3033,0,1,0,3
0,13,1516202508,3043,0,0,1,1
0,13,1516202508,3043,0,0,1,2
1,13,1516202508,3043,1,0,0,3
0,28,1516202508,3049,0,0,1,1
1,28,1516202508,3049,1,0,0,2
0,28,1516202508,3049,0,1,0,3
0,3,1516202508,3059,0,0,1,1
0,3,1516202508,3059,0,1,0,2
1,3,1516202508,3059,1,0,0,3
0,12,1516202518,3088,0,0,1,1
0,12,1516202518,3088,0,0,1,2
1,12,1516202518,3088,1,0,0,3
0,7,1516202518,3092,0,0,1,1
1,7,1516202518,3092,1,0,0,2
0,7,1516202518,3092,0,0,1,3
0,22,1516202518,3102,0,1,0,1
1,22,1516202518,3102,1,0,0,2
0,22,1516202518,3102,0,0,1,3
1,27,1516202518,3108,1,0,0,1
0,27,1516202518,3108,0,0,1,2
0,27,1516202518,3108,0,1,0,3
0,32,1516202518,3136,0,1,0,1
1,32,1516202518,3136,1,0,0,2
0,32,1516202518,3136,0,0,1,3
0,17,1516202518,3148,0,1,0,1
1,17,1516202518,3148,1,0,0,2
0,17,1516202518,3148,0,1,0,3
0,2,1516202518,3152,0,0,1,1
0,2,1516202518,3152,0,1,0,2
1,2,1516202518,3152,0,0,1,3
1,21,1516205493,3165,1,0,0,1
0,21,1516205493,3165,0,1,0,2
0,21,1516205493,3165,1,0,0,3
0,11,1516205493,3169,0,0,1,1
0,11,1516205493,3169,0,1,0,2
1,11,1516205493,3169,1,0,0,3
1,31,1516205493,3181,1,0,0,1
0,31,1516205493,3181,0,1,0,2
0,31,1516205493,3181,0,0,1,3
0,1,1516205493,3187,0,0,1,1
1,1,1516205493,3187,1,0,0,2
0,1,1516205493,3187,1,0,0,3
1,16,1516205493,3217,1,0,0,1
0,16,1516205493,3217,0,1,0,2
0,16,1516205493,3217,0,1,0,3
1,36,1516205493,3225,1,0,0,1
0,36,1516205493,3225,0,0,1,2
0,36,1516205493,3225,1,0,0,3
1,6,1516205493,3227,1,0,0,1
0,6,1516205493,3227,1,0,0,2
0,6,1516205493,3227,0,1,0,3
1,26,1516205493,3229,1,0,0,1
0,26,1516205493,3229,0,1,0,2
0,26,1516205493,3229,0,0,1,3
0,25,1516206746,3248,0,1,0,1
0,25,1516206746,3248,1,0,0,2
1,25,1516206746,3248,0,0,1,3
0,5,1516206746,3272,1,0,0,1
0,5,1516206746,3272,0,1,0,2
1,5,1516206746,3272,0,0,1,3
0,35,1516206746,3276,0,0,1,1
0,35,1516206746,3276,0,1,0,2
1,35,1516206746,3276,0,0,1,3
0,10,1516206746,3284,0,1,0,1
0,10,1516206746,3284,0,1,0,2
1,10,1516206746,3284,0,0,1,3
1,30,1516206746,3290,0,0,1,1
0,30,1516206746,3290,0,1,0,2
0,30,1516206746,3290,0,1,0,3
1,20,1516206746,3302,0,1,0,1
0,20,1516206746,3302,0,0,1,2
0,20,1516206746,3302,1,0,0,3
1,15,1516206746,3306,0,0,1,1
0,15,1516206746,3306,0,1,0,2
0,15,1516206746,3306,1,0,0,3
1,19,1516206875,3323,0,0,1,1
0,19,1516206875,3323,0,1,0,2
0,19,1516206875,3323,0,0,1,3
0,4,1516206875,3347,1,0,0,1
1,4,1516206875,3347,0,0,1,2
0,4,1516206875,3347,1,0,0,3
0,14,1516206875,3355,1,0,0,1
0,14,1516206875,3355,0,0,1,2
1,14,1516206875,3355,0,0,1,3
0,24,1516206875,3359,1,0,0,1
0,24,1516206875,3359,0,0,1,2
1,24,1516206875,3359,0,0,1,3
0,9,1516206875,3369,1,0,0,1
1,9,1516206875,3369,0,1,0,2
0,9,1516206875,3369,0,0,1,3
1,34,1516206875,3375,1,0,0,1
0,34,1516206875,3375,1,0,0,2
0,34,1516206875,3375,0,0,1,3
1,29,1516206875,3381,1,0,0,1
0,29,1516206875,3381,0,0,1,2
0,29,1516206875,3381,0,1,0,3
0,8,1516206968,3390,0,1,0,1
0,8,1516206968,3390,0,0,1,2
1,8,1516206968,3390,0,1,0,3
0,33,1516206968,3398,0,1,0,1
0,33,1516206968,3398,0,0,1,2
1,33,1516206968,3398,1,0,0,3
0,13,1516206968,3404,0,1,0,1
1,13,1516206968,3404,1,0,0,2
0,13,1516206968,3404,0,1,0,3
1,28,1516206968,3406,0,0,1,1
0,28,1516206968,3406,0,1,0,2
0,28,1516206968,3406,0,1,0,3
0,3,1516206968,3412,1,0,0,1
1,3,1516206968,3412,1,0,0,2
0,3,1516206968,3412,0,1,0,3
0,23,1516206968,3422,0,0,1,1
1,23,1516206968,3422,1,0,0,2
0,23,1516206968,3422,0,0,1,3
0,18,1516206968,3456,0,1,0,1
1,18,1516206968,3456,1,0,0,2
0,18,1516206968,3456,1,0,0,3
0,2,1516208275,3471,0,1,0,1
1,2,1516208275,3471,0,0,1,2
0,2,1516208275,3471,1,0,0,3
0,22,1516208275,3475,0,1,0,1
0,22,1516208275,3475,0,0,1,2
1,22,1516208275,3475,0,0,1,3
0,7,1516208275,3479,0,0,1,1
1,7,1516208275,3479,1,0,0,2
0,7,1516208275,3479,0,1,0,3
0,17,1516208275,3499,0,0,1,1
1,17,1516208275,3499,0,0,1,2
0,17,1516208275,3499,0,1,0,3
0,12,1516208275,3515,0,0,1,1
1,12,1516208275,3515,1,0,0,2
0,12,1516208275,3515,1,0,0,3
0,27,1516208275,3529,0,0,1,1
0,27,1516208275,3529,0,0,1,2
1,27,1516208275,3529,1,0,0,3
0,32,1516208275,3535,0,1,0,1
0,32,1516208275,3535,0,0,1,2
1,32,1516208275,3535,1,0,0,3
0,16,1516208571,3556,0,0,1,1
1,16,1516208571,3556,1,0,0,2
0,16,1516208571,3556,0,1,0,3
0,11,1516208571,3578,0,1,0,1
0,11,1516208571,3578,0,1,0,2
1,11,1516208571,3578,1,0,0,3
0,21,1516208571,3582,0,1,0,1
0,21,1516208571,3582,0,0,1,2
1,21,1516208571,3582,1,0,0,3
0,1,1516208571,3586,0,0,1,1
0,1,1516208571,3586,0,1,0,2
1,1,1516208571,3586,0,1,0,3
0,6,1516208571,3590,0,0,1,1
0,6,1516208571,3590,1,0,0,2
1,6,1516208571,3590,1,0,0,3
0,26,1516208571,3604,0,0,1,1
0,26,1516208571,3604,0,1,0,2
1,26,1516208571,3604,1,0,0,3
0,36,1516208571,3610,0,0,1,1
1,36,1516208571,3610,0,1,0,2
0,36,1516208571,3610,0,0,1,3
0,31,1516208571,3614,0,0,1,1
1,31,1516208571,3614,1,0,0,2
0,31,1516208571,3614,0,0,1,3
0,14,1516209574,3627,0,1,0,1
0,14,1516209574,3627,0,0,1,2
1,14,1516209574,3627,0,1,0,3
1,4,1516209574,3647,0,1,0,1
0,4,1516209574,3647,0,1,0,2
0,4,1516209574,3647,0,0,1,3
0,19,1516209574,3655,0,1,0,1
0,19,1516209574,3655,1,0,0,2
1,19,1516209574,3655,1,0,0,3
1,9,1516209574,3659,1,0,0,1
0,9,1516209574,3659,0,1,0,2
0,9,1516209574,3659,0,0,1,3
1,24,1516209574,3665,0,0,1,1
0,24,1516209574,3665,0,1,0,2
0,24,1516209574,3665,1,0,0,3
0,29,1516209574,3687,0,1,0,1
1,29,1516209574,3687,0,0,1,2
0,29,1516209574,3687,0,1,0,3
0,34,1516209574,3689,0,0,1,1
1,34,1516209574,3689,0,1,0,2
0,34,1516209574,3689,1,0,0,3
0,27,1516209686,3700,0,0,1,1
1,27,1516209686,3700,1,0,0,2
0,27,1516209686,3700,0,0,1,3
0,2,1516209686,3714,0,0,1,1
1,2,1516209686,3714,0,0,1,2
0,2,1516209686,3714,0,1,0,3
0,7,1516209686,3716,0,1,0,1
1,7,1516209686,3716,1,0,0,2
0,7,1516209686,3716,0,0,1,3
1,22,1516209686,3724,1,0,0,1
0,22,1516209686,3724,0,1,0,2
0,22,1516209686,3724,0,0,1,3
1,12,1516209686,3732,1,0,0,1
0,12,1516209686,3732,0,1,0,2
0,12,1516209686,3732,0,0,1,3
0,32,1516209686,3734,0,0,1,1
0,32,1516209686,3734,1,0,0,2
1,32,1516209686,3734,1,0,0,3
0,17,1516209686,3750,0,0,1,1
1,17,1516209686,3750,0,1,0,2
0,17,1516209686,3750,0,0,1,3
0,31,1516209766,3775,1,0,0,1
0,31,1516209766,3775,0,0,1,2
1,31,1516209766,3775,0,0,1,3
1,36,1516209766,3777,1,0,0,1
0,36,1516209766,3777,0,0,1,2
0,36,1516209766,3777,0,0,1,3
1,1,1516209766,3779,1,0,0,1
0,1,1516209766,3779,0,1,0,2
0,1,1516209766,3779,0,0,1,3
1,16,1516209766,3785,0,0,1,1
0,16,1516209766,3785,1,0,0,2
0,16,1516209766,3785,0,1,0,3
0,26,1516209766,3795,0,0,1,1
1,26,1516209766,3795,0,1,0,2
0,26,1516209766,3795,0,0,1,3
0,21,1516209766,3799,0,0,1,1
1,21,1516209766,3799,0,1,0,2
0,21,1516209766,3799,0,1,0,3
0,11,1516209766,3803,1,0,0,1
1,11,1516209766,3803,0,0,1,2
0,11,1516209766,3803,0,0,1,3
0,6,1516209766,3819,1,0,0,1
0,6,1516209766,3819,0,0,1,2
1,6,1516209766,3819,1,0,0,3
0,14,1516210381,3854,0,1,0,1
1,14,1516210381,3854,1,0,0,2
0,14,1516210381,3854,0,0,1,3
0,19,1516210381,3870,0,1,0,1
1,19,1516210381,3870,0,1,0,2
0,19,1516210381,3870,1,0,0,3
0,4,1516210381,3874,1,0,0,1
0,4,1516210381,3874,0,0,1,2
1,4,1516210381,3874,0,0,1,3
0,24,1516210381,3896,0,1,0,1
0,24,1516210381,3896,0,0,1,2
1,24,1516210381,3896,0,1,0,3
1,29,1516210381,3906,1,0,0,1
0,29,1516210381,3906,0,1,0,2
0,29,1516210381,3906,0,1,0,3
0,34,1516210381,3910,0,0,1,1
1,34,1516210381,3910,1,0,0,2
0,34,1516210381,3910,0,0,1,3
0,9,1516210381,3914,0,0,1,1
1,9,1516210381,3914,1,0,0,2
0,9,1516210381,3914,1,0,0,3
0,8,1516232236,3931,0,1,0,1
1,8,1516232236,3931,0,1,0,2
0,8,1516232236,3931,0,0,1,3
0,28,1516232236,3943,1,0,0,1
1,28,1516232236,3943,0,1,0,2
0,28,1516232236,3943,1,0,0,3
0,3,1516232236,3951,1,0,0,1
1,3,1516232236,3951,0,1,0,2
0,3,1516232236,3951,0,0,1,3
0,33,1516232236,3965,1,0,0,1
0,33,1516232236,3965,0,1,0,2
1,33,1516232236,3965,0,0,1,3
0,18,1516232236,3969,0,1,0,1
1,18,1516232236,3969,0,0,1,2
0,18,1516232236,3969,0,0,1,3
1,13,1516232236,3975,1,0,0,1
0,13,1516232236,3975,1,0,0,2
0,13,1516232236,3975,0,1,0,3
1,23,1516232236,3987,0,1,0,1
0,23,1516232236,3987,1,0,0,2
0,23,1516232236,3987,0,0,1,3
0,30,1516232290,4006,0,1,0,1
0,30,1516232290,4006,0,1,0,2
1,30,1516232290,4006,1,0,0,3
0,5,1516232290,4024,0,0,1,1
1,5,1516232290,4024,0,1,0,2
0,5,1516232290,4024,0,1,0,3
0,20,1516232290,4026,0,1,0,1
0,20,1516232290,4026,1,0,0,2
1,20,1516232290,4026,1,0,0,3
0,15,1516232290,4040,0,0,1,1
0,15,1516232290,4040,0,1,0,2
1,15,1516232290,4040,1,0,0,3
1,25,1516232290,4060,0,1,0,1
0,25,1516232290,4060,0,0,1,2
0,25,1516232290,4060,0,1,0,3
0,10,1516232290,4068,0,0,1,1
1,10,1516232290,4068,1,0,0,2
0,10,1516232290,4068,0,1,0,3
1,35,1516232290,4074,0,1,0,1
0,35,1516232290,4074,0,0,1,2
0,35,1516232290,4074,0,1,0,3
0,4,1516232541,4097,0,0,1,1
1,4,1516232541,4097,1,0,0,2
0,4,1516232541,4097,0,1,0,3
0,24,1516232541,4113,0,1,0,1
1,24,1516232541,4113,1,0,0,2
0,24,1516232541,4113,0,1,0,3
0,9,1516232541,4119,0,1,0,1
1,9,1516232541,4119,1,0,0,2
0,9,1516232541,4119,0,0,1,3
0,14,1516232541,4123,0,1,0,1
0,14,1516232541,4123,1,0,0,2
1,14,1516232541,4123,1,0,0,3
0,29,1516232541,4139,0,0,1,1
1,29,1516232541,4139,1,0,0,2
0,29,1516232541,4139,0,0,1,3
0,34,1516232541,4145,0,0,1,1
1,34,1516232541,4145,1,0,0,2
0,34,1516232541,4145,1,0,0,3
1,19,1516232541,4153,1,0,0,1
0,19,1516232541,4153,1,0,0,2
0,19,1516232541,4153,0,1,0,3
1,14,1516232739,4160,0,0,1,1
0,14,1516232739,4160,0,1,0,2
0,14,1516232739,4160,0,1,0,3
0,24,1516232739,4166,0,0,1,1
1,24,1516232739,4166,1,0,0,2
0,24,1516232739,4166,1,0,0,3
0,4,1516232739,4174,0,1,0,1
0,4,1516232739,4174,1,0,0,2
1,4,1516232739,4174,0,0,1,3
0,19,1516232739,4178,0,0,1,1
1,19,1516232739,4178,0,0,1,2
0,19,1516232739,4178,0,1,0,3
1,9,1516232739,4196,0,1,0,1
0,9,1516232739,4196,0,1,0,2
0,9,1516232739,4196,0,0,1,3
0,29,1516232739,4198,0,0,1,1
1,29,1516232739,4198,1,0,0,2
0,29,1516232739,4198,0,1,0,3
0,34,1516232739,4208,0,0,1,1
1,34,1516232739,4208,1,0,0,2
0,34,1516232739,4208,1,0,0,3
0,5,1516233094,4245,0,0,1,1
1,5,1516233094,4245,0,1,0,2
0,5,1516233094,4245,0,0,1,3
0,25,1516233094,4275,0,0,1,1
0,25,1516233094,4275,0,1,0,2
1,25,1516233094,4275,1,0,0,3
1,15,1516233094,4291,1,0,0,1
0,15,1516233094,4291,0,1,0,2
0,15,1516233094,4291,0,0,1,3
0,10,1516233094,4297,0,0,1,1
1,10,1516233094,4297,0,0,1,2
0,10,1516233094,4297,0,1,0,3
0,20,1516233094,4301,0,0,1,1
1,20,1516233094,4301,1,0,0,2
0,20,1516233094,4301,0,1,0,3
1,30,1516233094,4303,1,0,0,1
0,30,1516233094,4303,0,1,0,2
0,30,1516233094,4303,0,0,1,3
0,35,1516233094,4307,0,0,1,1
1,35,1516233094,4307,1,0,0,2
0,35,1516233094,4307,1,0,0,3
0,34,1516233697,4316,0,0,1,1
1,34,1516233697,4316,0,1,0,2
0,34,1516233697,4316,0,0,1,3
0,14,1516233697,4318,0,0,1,1
0,14,1516233697,4318,0,0,1,2
1,14,1516233697,4318,1,0,0,3
1,29,1516233697,4334,1,0,0,1
0,29,1516233697,4334,0,0,1,2
0,29,1516233697,4334,0,1,0,3
1,4,1516233697,4338,0,1,0,1
0,4,1516233697,4338,1,0,0,2
0,4,1516233697,4338,0,0,1,3
0,24,1516233697,4348,0,1,0,1
0,24,1516233697,4348,0,1,0,2
1,24,1516233697,4348,1,0,0,3
0,19,1516233697,4350,0,1,0,1
1,19,1516233697,4350,1,0,0,2
0,19,1516233697,4350,0,0,1,3
1,9,1516233697,4360,1,0,0,1
0,9,1516233697,4360,0,1,0,2
0,9,1516233697,4360,0,0,1,3
0,12,1516234513,4421,0,0,1,1
1,12,1516234513,4421,1,0,0,2
0,12,1516234513,4421,0,1,0,3
1,32,1516234513,4427,0,0,1,1
0,32,1516234513,4427,0,0,1,2
0,32,1516234513,4427,0,1,0,3
1,7,1516234513,4429,1,0,0,1
0,7,1516234513,4429,0,1,0,2
0,7,1516234513,4429,0,0,1,3
0,27,1516234513,4441,1,0,0,1
1,27,1516234513,4441,0,1,0,2
0,27,1516234513,4441,1,0,0,3
0,2,1516234513,4443,1,0,0,1
0,2,1516234513,4443,1,0,0,2
1,2,1516234513,4443,0,1,0,3
1,17,1516234513,4445,1,0,0,1
0,17,1516234513,4445,1,0,0,2
0,17,1516234513,4445,0,1,0,3
0,22,1516234513,4457,1,0,0,1
1,22,1516234513,4457,0,0,1,2
0,22,1516234513,4457,0,0,1,3
0,16,1516235997,4468,1,0,0,1
1,16,1516235997,4468,1,0,0,2
0,16,1516235997,4468,0,0,1,3
1,11,1516235997,4476,1,0,0,1
0,11,1516235997,4476,0,1,0,2
0,11,1516235997,4476,0,1,0,3
0,1,1516235997,4478,0,0,1,1
1,1,1516235997,4478,1,0,0,2
0,1,1516235997,4478,1,0,0,3
1,31,1516235997,4510,1,0,0,1
0,31,1516235997,4510,0,1,0,2
0,31,1516235997,4510,0,0,1,3
0,6,1516235997,4520,1,0,0,1
0,6,1516235997,4520,1,0,0,2
1,6,1516235997,4520,0,1,0,3
0,26,1516235997,4526,0,0,1,1
1,26,1516235997,4526,0,0,1,2
0,26,1516235997,4526,0,1,0,3
1,21,1516235997,4530,0,0,1,1
0,21,1516235997,4530,1,0,0,2
0,21,1516235997,4530,0,1,0,3
0,36,1516235997,4538,1,0,0,1
0,36,1516235997,4538,1,0,0,2
1,36,1516235997,4538,0,1,0,3
1,5,1516237347,4549,1,0,0,1
0,5,1516237347,4549,0,1,0,2
0,5,1516237347,4549,0,0,1,3
0,10,1516237347,4559,0,1,0,1
1,10,1516237347,4559,1,0,0,2
0,10,1516237347,4559,0,0,1,3
1,20,1516237347,4567,1,0,0,1
0,20,1516237347,4567,0,1,0,2
0,20,1516237347,4567,1,0,0,3
0,25,1516237347,4579,0,0,1,1
1,25,1516237347,4579,1,0,0,2
0,25,1516237347,4579,0,0,1,3
1,30,1516237347,4581,1,0,0,1
0,30,1516237347,4581,1,0,0,2
0,30,1516237347,4581,0,1,0,3
0,15,1516237347,4595,0,0,1,1
1,15,1516237347,4595,1,0,0,2
0,15,1516237347,4595,0,1,0,3
0,35,1516237347,4599,0,1,0,1
1,35,1516237347,4599,1,0,0,2
0,35,1516237347,4599,0,0,1,3
0,1,1516292772,4640,0,0,1,1
1,1,1516292772,4640,1,0,0,2
0,1,1516292772,4640,0,0,1,3
1,21,1516292772,4650,1,0,0,1
0,21,1516292772,4650,0,0,1,2
0,21,1516292772,4650,1,0,0,3
1,31,1516292772,4652,1,0,0,1
0,31,1516292772,4652,0,1,0,2
0,31,1516292772,4652,1,0,0,3
0,11,1516292772,4662,0,0,1,1
1,11,1516292772,4662,0,1,0,2
0,11,1516292772,4662,0,0,1,3
0,26,1516292772,4676,0,0,1,1
1,26,1516292772,4676,0,1,0,2
0,26,1516292772,4676,0,1,0,3
0,6,1516292772,4678,0,1,0,1
1,6,1516292772,4678,0,0,1,2
0,6,1516292772,4678,0,1,0,3
1,36,1516292772,4686,0,0,1,1
0,36,1516292772,4686,0,1,0,2
0,36,1516292772,4686,1,0,0,3
1,16,1516292772,4690,0,0,1,1
0,16,1516292772,4690,0,1,0,2
0,16,1516292772,4690,0,1,0,3
1,33,1516292803,4703,1,0,0,1
0,33,1516292803,4703,0,0,1,2
0,33,1516292803,4703,0,0,1,3
0,18,1516292803,4707,0,1,0,1
0,18,1516292803,4707,0,0,1,2
1,18,1516292803,4707,1,0,0,3
1,8,1516292803,4717,1,0,0,1
0,8,1516292803,4717,0,1,0,2
0,8,1516292803,4717,1,0,0,3
0,23,1516292803,4729,1,0,0,1
1,23,1516292803,4729,1,0,0,2
0,23,1516292803,4729,0,0,1,3
1,13,1516292803,4741,1,0,0,1
0,13,1516292803,4741,0,0,1,2
0,13,1516292803,4741,0,1,0,3
0,3,1516292803,4745,0,0,1,1
0,3,1516292803,4745,0,1,0,2
1,3,1516292803,4745,1,0,0,3
1,28,1516292803,4759,1,0,0,1
0,28,1516292803,4759,0,1,0,2
0,28,1516292803,4759,0,0,1,3
1,27,1516292936,4786,0,0,1,1
0,27,1516292936,4786,0,1,0,2
0,27,1516292936,4786,1,0,0,3
0,2,1516292936,4790,1,0,0,1
0,2,1516292936,4790,0,0,1,2
1,2,1516292936,4790,1,0,0,3
0,7,1516292936,4810,0,1,0,1
0,7,1516292936,4810,1,0,0,2
1,7,1516292936,4810,0,0,1,3
0,17,1516292936,4820,0,0,1,1
0,17,1516292936,4820,1,0,0,2
1,17,1516292936,4820,0,1,0,3
1,22,1516292936,4824,1,0,0,1
0,22,1516292936,4824,0,0,1,2
0,22,1516292936,4824,0,1,0,3
0,12,1516292936,4840,0,0,1,1
1,12,1516292936,4840,1,0,0,2
0,12,1516292936,4840,1,0,0,3
1,32,1516292936,4842,0,1,0,1
0,32,1516292936,4842,1,0,0,2
0,32,1516292936,4842,0,1,0,3
0,29,1516293006,4859,0,1,0,1
1,29,1516293006,4859,0,1,0,2
0,29,1516293006,4859,1,0,0,3
0,24,1516293006,4861,0,1,0,1
1,24,1516293006,4861,0,0,1,2
0,24,1516293006,4861,1,0,0,3
0,19,1516293006,4863,0,0,1,1
1,19,1516293006,4863,0,1,0,2
0,19,1516293006,4863,1,0,0,3
1,14,1516293006,4899,1,0,0,1
0,14,1516293006,4899,0,1,0,2
0,14,1516293006,4899,1,0,0,3
1,4,1516293006,4907,1,0,0,1
0,4,1516293006,4907,1,0,0,2
0,4,1516293006,4907,0,1,0,3
0,9,1516293006,4911,0,1,0,1
0,9,1516293006,4911,0,0,1,2
1,9,1516293006,4911,1,0,0,3
1,34,1516293006,4913,1,0,0,1
0,34,1516293006,4913,0,0,1,2
0,34,1516293006,4913,0,1,0,3
1,21,1516293656,4930,0,0,1,1
0,21,1516293656,4930,0,1,0,2
0,21,1516293656,4930,0,0,1,3
0,36,1516293656,4932,0,1,0,1
1,36,1516293656,4932,0,0,1,2
0,36,1516293656,4932,0,0,1,3
0,16,1516293656,4946,0,1,0,1
0,16,1516293656,4946,0,0,1,2
1,16,1516293656,4946,1,0,0,3
1,6,1516293656,4956,1,0,0,1
0,6,1516293656,4956,0,1,0,2
0,6,1516293656,4956,0,0,1,3
1,31,1516293656,4962,0,0,1,1
0,31,1516293656,4962,0,1,0,2
0,31,1516293656,4962,0,0,1,3
0,1,1516293656,4976,0,1,0,1
1,1,1516293656,4976,0,0,1,2
0,1,1516293656,4976,1,0,0,3
0,26,1516293656,4982,1,0,0,1
1,26,1516293656,4982,0,0,1,2
0,26,1516293656,4982,0,0,1,3
0,11,1516293656,4984,0,0,1,1
1,11,1516293656,4984,0,0,1,2
0,11,1516293656,4984,0,1,0,3
1,20,1516293685,5007,1,0,0,1
0,20,1516293685,5007,0,0,1,2
0,20,1516293685,5007,0,1,0,3
0,5,1516293685,5009,0,1,0,1
1,5,1516293685,5009,1,0,0,2
0,5,1516293685,5009,0,1,0,3
0,35,1516293685,5019,0,1,0,1
1,35,1516293685,5019,1,0,0,2
0,35,1516293685,5019,0,1,0,3
1,10,1516293685,5021,1,0,0,1
0,10,1516293685,5021,1,0,0,2
0,10,1516293685,5021,0,1,0,3
0,25,1516293685,5023,0,0,1,1
1,25,1516293685,5023,1,0,0,2
0,25,1516293685,5023,0,1,0,3
0,30,1516293685,5037,0,1,0,1
1,30,1516293685,5037,0,0,1,2
0,30,1516293685,5037,0,0,1,3
1,15,1516293685,5041,1,0,0,1
0,15,1516293685,5041,0,0,1,2
0,15,1516293685,5041,0,1,0,3
0,17,1516293814,5090,0,0,1,1
0,17,1516293814,5090,1,0,0,2
1,17,1516293814,5090,0,0,1,3
0,12,1516293814,5092,0,1,0,1
1,12,1516293814,5092,0,0,1,2
0,12,1516293814,5092,1,0,0,3
0,22,1516293814,5110,0,0,1,1
0,22,1516293814,5110,0,0,1,2
1,22,1516293814,5110,1,0,0,3
0,7,1516293814,5132,0,0,1,1
1,7,1516293814,5132,0,1,0,2
0,7,1516293814,5132,0,1,0,3
0,32,1516293814,5142,0,0,1,1
1,32,1516293814,5142,0,1,0,2
0,32,1516293814,5142,1,0,0,3
0,2,1516293814,5146,0,0,1,1
0,2,1516293814,5146,1,0,0,2
1,2,1516293814,5146,1,0,0,3
1,27,1516293814,5154,1,0,0,1
0,27,1516293814,5154,0,1,0,2
0,27,1516293814,5154,0,0,1,3
0,34,1516294273,5165,0,0,1,1
1,34,1516294273,5165,1,0,0,2
0,34,1516294273,5165,1,0,0,3
0,9,1516294273,5183,1,0,0,1
1,9,1516294273,5183,0,0,1,2
0,9,1516294273,5183,0,0,1,3
1,14,1516294273,5205,1,0,0,1
0,14,1516294273,5205,1,0,0,2
0,14,1516294273,5205,0,1,0,3
0,4,1516294273,5215,0,1,0,1
1,4,1516294273,5215,0,0,1,2
0,4,1516294273,5215,0,0,1,3
0,29,1516294273,5217,0,1,0,1
1,29,1516294273,5217,1,0,0,2
0,29,1516294273,5217,1,0,0,3
1,19,1516294273,5219,0,0,1,1
0,19,1516294273,5219,0,1,0,2
0,19,1516294273,5219,1,0,0,3
1,24,1516294273,5223,1,0,0,1
0,24,1516294273,5223,1,0,0,2
0,24,1516294273,5223,0,1,0,3
1,18,1516295523,5258,1,0,0,1
0,18,1516295523,5258,0,0,1,2
0,18,1516295523,5258,0,1,0,3
1,23,1516295523,5266,1,0,0,1
0,23,1516295523,5266,0,1,0,2
0,23,1516295523,5266,0,1,0,3
0,28,1516295523,5282,0,1,0,1
0,28,1516295523,5282,0,0,1,2
1,28,1516295523,5282,1,0,0,3
0,3,1516295523,5284,0,0,1,1
1,3,1516295523,5284,0,1,0,2
0,3,1516295523,5284,0,1,0,3
0,8,1516295523,5286,0,1,0,1
0,8,1516295523,5286,0,0,1,2
1,8,1516295523,5286,1,0,0,3
1,33,1516295523,5300,1,0,0,1
0,33,1516295523,5300,0,0,1,2
0,33,1516295523,5300,1,0,0,3
1,13,1516295523,5308,1,0,0,1
0,13,1516295523,5308,0,0,1,2
0,13,1516295523,5308,0,1,0,3
0,36,1516296860,5321,0,1,0,1
1,36,1516296860,5321,1,0,0,2
0,36,1516296860,5321,0,0,1,3
1,6,1516296860,5325,0,1,0,1
0,6,1516296860,5325,0,0,1,2
0,6,1516296860,5325,0,1,0,3
0,11,1516296860,5335,0,1,0,1
1,11,1516296860,5335,0,1,0,2
0,11,1516296860,5335,0,0,1,3
0,26,1516296860,5363,0,0,1,1
0,26,1516296860,5363,0,0,1,2
1,26,1516296860,5363,0,1,0,3
1,31,1516296860,5367,0,1,0,1
0,31,1516296860,5367,0,0,1,2
0,31,1516296860,5367,1,0,0,3
0,21,1516296860,5369,1,0,0,1
1,21,1516296860,5369,0,1,0,2
0,21,1516296860,5369,1,0,0,3
0,1,1516296860,5381,0,0,1,1
0,1,1516296860,5381,0,0,1,2
1,1,1516296860,5381,0,1,0,3
0,16,1516296860,5383,1,0,0,1
1,16,1516296860,5383,0,1,0,2
0,16,1516296860,5383,0,1,0,3
0,15,1516297407,5404,0,0,1,1
1,15,1516297407,5404,1,0,0,2
0,15,1516297407,5404,0,1,0,3
0,10,1516297407,5440,0,1,0,1
1,10,1516297407,5440,0,0,1,2
0,10,1516297407,5440,1,0,0,3
0,20,1516297407,5444,1,0,0,1
0,20,1516297407,5444,0,0,1,2
1,20,1516297407,5444,0,1,0,3
1,35,1516297407,5446,1,0,0,1
0,35,1516297407,5446,0,1,0,2
0,35,1516297407,5446,0,0,1,3
1,30,1516297407,5448,0,0,1,1
0,30,1516297407,5448,0,0,1,2
0,30,1516297407,5448,1,0,0,3
1,5,1516297407,5452,1,0,0,1
0,5,1516297407,5452,0,0,1,2
0,5,1516297407,5452,1,0,0,3
1,25,1516297407,5456,0,1,0,1
0,25,1516297407,5456,0,0,1,2
0,25,1516297407,5456,1,0,0,3
0,8,1516297577,5471,0,1,0,1
1,8,1516297577,5471,1,0,0,2
0,8,1516297577,5471,0,1,0,3
0,13,1516297577,5475,0,1,0,1
0,13,1516297577,5475,0,1,0,2
1,13,1516297577,5475,1,0,0,3
0,23,1516297577,5493,0,0,1,1
1,23,1516297577,5493,0,1,0,2
0,23,1516297577,5493,0,1,0,3
0,3,1516297577,5497,0,0,1,1
0,3,1516297577,5497,0,1,0,2
1,3,1516297577,5497,1,0,0,3
1,33,1516297577,5499,1,0,0,1
0,33,1516297577,5499,0,1,0,2
0,33,1516297577,5499,0,0,1,3
0,28,1516297577,5505,0,1,0,1
1,28,1516297577,5505,1,0,0,2
0,28,1516297577,5505,0,0,1,3
1,18,1516297577,5527,1,0,0,1
0,18,1516297577,5527,0,1,0,2
0,18,1516297577,5527,0,1,0,3
0,17,1516297672,5546,0,1,0,1
1,17,1516297672,5546,0,0,1,2
0,17,1516297672,5546,0,0,1,3
0,7,1516297672,5562,1,0,0,1
0,7,1516297672,5562,1,0,0,2
1,7,1516297672,5562,0,0,1,3
0,27,1516297672,5574,0,0,1,1
1,27,1516297672,5574,0,0,1,2
0,27,1516297672,5574,1,0,0,3
1,22,1516297672,5582,0,1,0,1
0,22,1516297672,5582,0,1,0,2
0,22,1516297672,5582,1,0,0,3
0,12,1516297672,5594,0,0,1,1
1,12,1516297672,5594,0,1,0,2
0,12,1516297672,5594,1,0,0,3
0,32,1516297672,5608,1,0,0,1
1,32,1516297672,5608,0,1,0,2
0,32,1516297672,5608,1,0,0,3
1,2,1516297672,5610,1,0,0,1
0,2,1516297672,5610,0,1,0,2
0,2,1516297672,5610,0,0,1,3
0,17,1516297759,5635,0,0,1,1
1,17,1516297759,5635,0,1,0,2
0,17,1516297759,5635,0,0,1,3
1,7,1516297759,5639,0,1,0,1
0,7,1516297759,5639,0,0,1,2
0,7,1516297759,5639,0,0,1,3
0,22,1516297759,5643,1,0,0,1
0,22,1516297759,5643,0,0,1,2
1,22,1516297759,5643,0,1,0,3
1,32,1516297759,5647,0,1,0,1
0,32,1516297759,5647,1,0,0,2
0,32,1516297759,5647,0,1,0,3
0,12,1516297759,5659,0,1,0,1
1,12,1516297759,5659,1,0,0,2
0,12,1516297759,5659,1,0,0,3
0,27,1516297759,5667,1,0,0,1
1,27,1516297759,5667,1,0,0,2
0,27,1516297759,5667,0,1,0,3
0,2,1516297759,5691,0,0,1,1
0,2,1516297759,5691,0,1,0,2
1,2,1516297759,5691,1,0,0,3
0,6,1516298587,5714,0,0,1,1
1,6,1516298587,5714,0,1,0,2
0,6,1516298587,5714,0,0,1,3
0,1,1516298587,5716,0,0,1,1
1,1,1516298587,5716,1,0,0,2
0,1,1516298587,5716,0,1,0,3
0,16,1516298587,5728,0,0,1,1
1,16,1516298587,5728,0,1,0,2
0,16,1516298587,5728,0,0,1,3
0,36,1516298587,5738,0,0,1,1
0,36,1516298587,5738,0,1,0,2
1,36,1516298587,5738,1,0,0,3
0,11,1516298587,5750,0,0,1,1
0,11,1516298587,5750,1,0,0,2
1,11,1516298587,5750,0,1,0,3
0,31,1516298587,5752,1,0,0,1
1,31,1516298587,5752,1,0,0,2
0,31,1516298587,5752,0,1,0,3
0,26,1516298587,5756,0,1,0,1
1,26,1516298587,5756,1,0,0,2
0,26,1516298587,5756,0,1,0,3
0,21,1516298587,5770,0,1,0,1
1,21,1516298587,5770,0,1,0,2
0,21,1516298587,5770,0,0,1,3
1,25,1516298851,5783,1,0,0,1
0,25,1516298851,5783,0,1,0,2
0,25,1516298851,5783,0,0,1,3
0,15,1516298851,5787,0,1,0,1
1,15,1516298851,5787,1,0,0,2
0,15,1516298851,5787,1,0,0,3
0,30,1516298851,5789,0,1,0,1
0,30,1516298851,5789,0,0,1,2
1,30,1516298851,5789,1,0,0,3
0,5,1516298851,5809,0,0,1,1
1,5,1516298851,5809,1,0,0,2
0,5,1516298851,5809,1,0,0,3
0,35,1516298851,5813,1,0,0,1
0,35,1516298851,5813,0,0,1,2
1,35,1516298851,5813,1,0,0,3
1,10,1516298851,5823,0,0,1,1
0,10,1516298851,5823,0,0,1,2
0,10,1516298851,5823,1,0,0,3
0,20,1516298851,5827,0,0,1,1
0,20,1516298851,5827,1,0,0,2
1,20,1516298851,5827,1,0,0,3
1,3,1516300124,5860,1,0,0,1
0,3,1516300124,5860,0,0,1,2
0,3,1516300124,5860,0,1,0,3
0,28,1516300124,5866,0,1,0,1
1,28,1516300124,5866,1,0,0,2
0,28,1516300124,5866,0,1,0,3
0,8,1516300124,5888,0,0,1,1
1,8,1516300124,5888,1,0,0,2
0,8,1516300124,5888,0,1,0,3
1,23,1516300124,5900,0,1,0,1
0,23,1516300124,5900,0,1,0,2
0,23,1516300124,5900,0,0,1,3
0,18,1516300124,5904,0,1,0,1
0,18,1516300124,5904,0,0,1,2
1,18,1516300124,5904,1,0,0,3
0,13,1516300124,5906,0,0,1,1
1,13,1516300124,5906,0,1,0,2
0,13,1516300124,5906,0,1,0,3
0,33,1516300124,5922,0,0,1,1
1,33,1516300124,5922,0,1,0,2
0,33,1516300124,5922,0,0,1,3
1,17,1516300842,5937,0,1,0,1
0,17,1516300842,5937,0,0,1,2
0,17,1516300842,5937,0,0,1,3
1,32,1516300842,5939,0,0,1,1
0,32,1516300842,5939,0,0,1,2
0,32,1516300842,5939,1,0,0,3
0,27,1516300842,5963,0,0,1,1
1,27,1516300842,5963,0,1,0,2
0,27,1516300842,5963,0,1,0,3
0,12,1516300842,5973,0,1,0,1
1,12,1516300842,5973,1,0,0,2
0,12,1516300842,5973,0,0,1,3
1,2,1516300842,5979,0,1,0,1
0,2,1516300842,5979,0,0,1,2
0,2,1516300842,5979,0,0,1,3
0,22,1516300842,5989,0,0,1,1
1,22,1516300842,5989,0,1,0,2
0,22,1516300842,5989,0,1,0,3
0,7,1516300842,6001,1,0,0,1
1,7,1516300842,6001,0,0,1,2
0,7,1516300842,6001,0,0,1,3
1,26,1516302788,6010,1,0,0,1
0,26,1516302788,6010,0,1,0,2
0,26,1516302788,6010,1,0,0,3
0,21,1516302788,6012,0,0,1,1
1,21,1516302788,6012,1,0,0,2
0,21,1516302788,6012,0,0,1,3
1,1,1516302788,6026,1,0,0,1
0,1,1516302788,6026,0,0,1,2
0,1,1516302788,6026,0,0,1,3
1,16,1516302788,6028,1,0,0,1
0,16,1516302788,6028,1,0,0,2
0,16,1516302788,6028,0,1,0,3
1,11,1516302788,6046,0,0,1,1
0,11,1516302788,6046,0,1,0,2
0,11,1516302788,6046,1,0,0,3
0,6,1516302788,6054,0,0,1,1
1,6,1516302788,6054,1,0,0,2
0,6,1516302788,6054,0,1,0,3
0,31,1516302788,6060,0,1,0,1
1,31,1516302788,6060,1,0,0,2
0,31,1516302788,6060,0,1,0,3
0,36,1516302788,6076,0,1,0,1
1,36,1516302788,6076,0,0,1,2
0,36,1516302788,6076,1,0,0,3
0,35,1516302864,6095,0,0,1,1
0,35,1516302864,6095,0,1,0,2
1,35,1516302864,6095,1,0,0,3
0,15,1516302864,6113,0,1,0,1
0,15,1516302864,6113,1,0,0,2
1,15,1516302864,6113,1,0,0,3
1,5,1516302864,6115,1,0,0,1
0,5,1516302864,6115,1,0,0,2
0,5,1516302864,6115,0,1,0,3
1,10,1516302864,6129,1,0,0,1
0,10,1516302864,6129,0,1,0,2
0,10,1516302864,6129,0,1,0,3
1,30,1516302864,6135,1,0,0,1
0,30,1516302864,6135,0,1,0,2
0,30,1516302864,6135,1,0,0,3
0,20,1516302864,6137,0,1,0,1
1,20,1516302864,6137,1,0,0,2
0,20,1516302864,6137,1,0,0,3
0,25,1516302864,6141,0,1,0,1
0,25,1516302864,6141,0,1,0,2
1,25,1516302864,6141,1,0,0,3
0,22,1516302914,6166,0,0,1,1
1,22,1516302914,6166,1,0,0,2
0,22,1516302914,6166,0,1,0,3
0,7,1516302914,6178,0,1,0,1
1,7,1516302914,6178,0,0,1,2
0,7,1516302914,6178,0,1,0,3
0,32,1516302914,6184,0,0,1,1
1,32,1516302914,6184,1,0,0,2
0,32,1516302914,6184,0,1,0,3
1,17,1516302914,6190,1,0,0,1
0,17,1516302914,6190,0,1,0,2
0,17,1516302914,6190,1,0,0,3
1,12,1516302914,6196,1,0,0,1
0,12,1516302914,6196,1,0,0,2
0,12,1516302914,6196,0,0,1,3
1,27,1516302914,6206,1,0,0,1
0,27,1516302914,6206,0,0,1,2
0,27,1516302914,6206,1,0,0,3
0,2,1516302914,6226,1,0,0,1
1,2,1516302914,6226,1,0,0,2
0,2,1516302914,6226,0,1,0,3
0,6,1516303263,6261,0,0,1,1
1,6,1516303263,6261,0,0,1,2
0,6,1516303263,6261,1,0,0,3
0,11,1516303263,6265,1,0,0,1
0,11,1516303263,6265,0,0,1,2
1,11,1516303263,6265,0,0,1,3
0,1,1516303263,6269,1,0,0,1
1,1,1516303263,6269,1,0,0,2
0,1,1516303263,6269,0,0,1,3
1,26,1516303263,6271,1,0,0,1
0,26,1516303263,6271,0,0,1,2
0,26,1516303263,6271,0,0,1,3
0,16,1516303263,6281,0,0,1,1
1,16,1516303263,6281,0,1,0,2
0,16,1516303263,6281,1,0,0,3
0,31,1516303263,6285,0,0,1,1
1,31,1516303263,6285,1,0,0,2
0,31,1516303263,6285,0,1,0,3
0,21,1516303263,6293,0,1,0,1
1,21,1516303263,6293,1,0,0,2
0,21,1516303263,6293,0,1,0,3
1,36,1516303263,6299,0,1,0,1
0,36,1516303263,6299,0,0,1,2
0,36,1516303263,6299,0,0,1,3
1,30,1516304123,6342,1,0,0,1
0,30,1516304123,6342,0,0,1,2
0,30,1516304123,6342,0,1,0,3
0,20,1516304123,6352,1,0,0,1
1,20,1516304123,6352,0,0,1,2
0,20,1516304123,6352,0,0,1,3
0,25,1516304123,6362,1,0,0,1
0,25,1516304123,6362,0,1,0,2
1,25,1516304123,6362,0,0,1,3
1,35,1516304123,6366,1,0,0,1
0,35,1516304123,6366,0,1,0,2
0,35,1516304123,6366,0,1,0,3
1,10,1516304123,6374,1,0,0,1
0,10,1516304123,6374,0,1,0,2
0,10,1516304123,6374,0,0,1,3
0,15,1516304123,6378,1,0,0,1
0,15,1516304123,6378,0,1,0,2
1,15,1516304123,6378,0,1,0,3
0,5,1516304123,6382,0,0,1,1
1,5,1516304123,6382,0,0,1,2
0,5,1516304123,6382,1,0,0,3
0,28,1516304346,6401,0,0,1,1
1,28,1516304346,6401,1,0,0,2
0,28,1516304346,6401,0,1,0,3
0,8,1516304346,6411,1,0,0,1
0,8,1516304346,6411,0,0,1,2
1,8,1516304346,6411,0,1,0,3
0,3,1516304346,6415,0,0,1,1
1,3,1516304346,6415,1,0,0,2
0,3,1516304346,6415,1,0,0,3
1,18,1516304346,6419,0,1,0,1
0,18,1516304346,6419,0,0,1,2
0,18,1516304346,6419,1,0,0,3
1,33,1516304346,6443,0,1,0,1
0,33,1516304346,6443,0,0,1,2
0,33,1516304346,6443,0,0,1,3
1,13,1516304346,6453,1,0,0,1
0,13,1516304346,6453,0,0,1,2
0,13,1516304346,6453,0,1,0,3
0,23,1516304346,6461,0,1,0,1
1,23,1516304346,6461,0,0,1,2
0,23,1516304346,6461,1,0,0,3
0,22,1516304379,6470,0,0,1,1
1,22,1516304379,6470,0,0,1,2
0,22,1516304379,6470,0,1,0,3
0,27,1516304379,6498,1,0,0,1
0,27,1516304379,6498,0,1,0,2
1,27,1516304379,6498,0,0,1,3
1,32,1516304379,6502,0,0,1,1
0,32,1516304379,6502,0,1,0,2
0,32,1516304379,6502,1,0,0,3
0,17,1516304379,6506,0,1,0,1
0,17,1516304379,6506,0,1,0,2
1,17,1516304379,6506,0,0,1,3
0,2,1516304379,6508,1,0,0,1
1,2,1516304379,6508,0,1,0,2
0,2,1516304379,6508,1,0,0,3
0,7,1516304379,6520,0,0,1,1
0,7,1516304379,6520,0,1,0,2
1,7,1516304379,6520,1,0,0,3
1,12,1516304379,6534,1,0,0,1
0,12,1516304379,6534,0,0,1,2
0,12,1516304379,6534,0,1,0,3
1,11,1516304473,6547,1,0,0,1
0,11,1516304473,6547,0,0,1,2
0,11,1516304473,6547,0,0,1,3
1,26,1516304473,6555,0,0,1,1
0,26,1516304473,6555,1,0,0,2
0,26,1516304473,6555,0,1,0,3
0,6,1516304473,6569,0,0,1,1
0,6,1516304473,6569,1,0,0,2
1,6,1516304473,6569,0,1,0,3
0,21,1516304473,6581,1,0,0,1
0,21,1516304473,6581,0,1,0,2
1,21,1516304473,6581,0,1,0,3
0,36,1516304473,6607,0,1,0,1
0,36,1516304473,6607,1,0,0,2
1,36,1516304473,6607,0,0,1,3
1,16,1516304473,6609,0,1,0,1
0,16,1516304473,6609,0,0,1,2
0,16,1516304473,6609,0,1,0,3
1,31,1516304473,6613,1,0,0,1
0,31,1516304473,6613,0,0,1,2
0,31,1516304473,6613,0,1,0,3
0,1,1516304473,6615,0,0,1,1
0,1,1516304473,6615,1,0,0,2
1,1,1516304473,6615,1,0,0,3
0,25,1516305855,6624,0,0,1,1
1,25,1516305855,6624,0,1,0,2
0,25,1516305855,6624,0,1,0,3
1,10,1516305855,6626,0,0,1,1
0,10,1516305855,6626,0,1,0,2
0,10,1516305855,6626,0,1,0,3
0,35,1516305855,6634,0,1,0,1
0,35,1516305855,6634,0,0,1,2
1,35,1516305855,6634,1,0,0,3
0,15,1516305855,6650,0,1,0,1
1,15,1516305855,6650,1,0,0,2
0,15,1516305855,6650,0,0,1,3
0,5,1516305855,6672,0,1,0,1
1,5,1516305855,6672,0,1,0,2
0,5,1516305855,6672,1,0,0,3
0,30,1516305855,6676,1,0,0,1
1,30,1516305855,6676,1,0,0,2
0,30,1516305855,6676,0,1,0,3
0,20,1516305855,6692,0,0,1,1
0,20,1516305855,6692,1,0,0,2
1,20,1516305855,6692,1,0,0,3
1,29,1516307878,6717,1,0,0,1
0,29,1516307878,6717,0,1,0,2
0,29,1516307878,6717,0,0,1,3
1,9,1516307878,6727,0,0,1,1
0,9,1516307878,6727,0,0,1,2
0,9,1516307878,6727,0,1,0,3
1,19,1516307878,6729,1,0,0,1
0,19,1516307878,6729,0,1,0,2
0,19,1516307878,6729,0,1,0,3
1,4,1516307878,6739,0,1,0,1
0,4,1516307878,6739,1,0,0,2
0,4,1516307878,6739,0,0,1,3
0,14,1516307878,6743,0,1,0,1
1,14,1516307878,6743,1,0,0,2
0,14,1516307878,6743,0,0,1,3
0,24,1516307878,6747,0,1,0,1
1,24,1516307878,6747,1,0,0,2
0,24,1516307878,6747,0,0,1,3
0,34,1516307878,6753,1,0,0,1
1,34,1516307878,6753,0,1,0,2
0,34,1516307878,6753,0,1,0,3
0,8,1516319857,6780,0,0,1,1
0,8,1516319857,6780,1,0,0,2
1,8,1516319857,6780,0,0,1,3
0,18,1516319857,6786,1,0,0,1
1,18,1516319857,6786,1,0,0,2
0,18,1516319857,6786,0,1,0,3
0,33,1516319857,6806,0,0,1,1
1,33,1516319857,6806,1,0,0,2
0,33,1516319857,6806,0,1,0,3
0,28,1516319857,6814,0,0,1,1
0,28,1516319857,6814,0,0,1,2
1,28,1516319857,6814,1,0,0,3
0,3,1516319857,6822,0,1,0,1
1,3,1516319857,6822,1,0,0,2
0,3,1516319857,6822,1,0,0,3
0,23,1516319857,6828,0,0,1,1
1,23,1516319857,6828,1,0,0,2
0,23,1516319857,6828,0,1,0,3
1,13,1516319857,6846,0,1,0,1
0,13,1516319857,6846,0,0,1,2
0,13,1516319857,6846,1,0,0,3
0,17,1516320770,6859,0,0,1,1
1,17,1516320770,6859,1,0,0,2
0,17,1516320770,6859,1,0,0,3
0,27,1516320770,6867,0,0,1,1
0,27,1516320770,6867,0,0,1,2
1,27,1516320770,6867,0,1,0,3
1,32,1516320770,6871,0,1,0,1
0,32,1516320770,6871,1,0,0,2
0,32,1516320770,6871,0,0,1,3
1,12,1516320770,6875,0,0,1,1
0,12,1516320770,6875,0,0,1,2
0,12,1516320770,6875,0,1,0,3
0,7,1516320770,6887,0,1,0,1
0,7,1516320770,6887,0,0,1,2
1,7,1516320770,6887,1,0,0,3
1,2,1516320770,6889,0,0,1,1
0,2,1516320770,6889,0,1,0,2
0,2,1516320770,6889,1,0,0,3
0,22,1516320770,6901,0,1,0,1
1,22,1516320770,6901,0,0,1,2
0,22,1516320770,6901,1,0,0,3
0,21,1516321276,6932,0,0,1,1
1,21,1516321276,6932,1,0,0,2
0,21,1516321276,6932,0,0,1,3
0,1,1516321276,6942,1,0,0,1
0,1,1516321276,6942,0,1,0,2
1,1,1516321276,6942,0,0,1,3
0,36,1516321276,6950,0,0,1,1
1,36,1516321276,6950,1,0,0,2
0,36,1516321276,6950,1,0,0,3
0,31,1516321276,6954,0,0,1,1
0,31,1516321276,6954,0,0,1,2
1,31,1516321276,6954,1,0,0,3
1,6,1516321276,6956,0,1,0,1
0,6,1516321276,6956,0,1,0,2
0,6,1516321276,6956,0,0,1,3
0,11,1516321276,6976,1,0,0,1
1,11,1516321276,6976,0,1,0,2
0,11,1516321276,6976,1,0,0,3
0,26,1516321276,6982,1,0,0,1
0,26,1516321276,6982,0,0,1,2
1,26,1516321276,6982,1,0,0,3
0,16,1516321276,6988,0,0,1,1
1,16,1516321276,6988,0,1,0,2
0,16,1516321276,6988,1,0,0,3
1,30,1516323238,7009,1,0,0,1
0,30,1516323238,7009,0,1,0,2
0,30,1516323238,7009,0,0,1,3
0,25,1516323238,7011,0,1,0,1
1,25,1516323238,7011,0,1,0,2
0,25,1516323238,7011,0,0,1,3
0,35,1516323238,7029,0,1,0,1
1,35,1516323238,7029,1,0,0,2
0,35,1516323238,7029,0,0,1,3
0,5,1516323238,7035,0,0,1,1
0,5,1516323238,7035,0,0,1,2
1,5,1516323238,7035,0,1,0,3
0,15,1516323238,7059,0,0,1,1
1,15,1516323238,7059,0,1,0,2
0,15,1516323238,7059,0,0,1,3
0,20,1516323238,7061,1,0,0,1
0,20,1516323238,7061,1,0,0,2
1,20,1516323238,7061,0,0,1,3
0,10,1516323238,7067,0,0,1,1
0,10,1516323238,7067,0,1,0,2
1,10,1516323238,7067,1,0,0,3
1,24,1516323580,7098,1,0,0,1
0,24,1516323580,7098,0,1,0,2
0,24,1516323580,7098,1,0,0,3
1,19,1516323580,7100,1,0,0,1
0,19,1516323580,7100,0,1,0,2
0,19,1516323580,7100,0,0,1,3
0,34,1516323580,7102,0,1,0,1
0,34,1516323580,7102,0,0,1,2
1,34,1516323580,7102,1,0,0,3
0,14,1516323580,7106,0,1,0,1
1,14,1516323580,7106,0,0,1,2
0,14,1516323580,7106,0,1,0,3
0,4,1516323580,7118,0,1,0,1
1,4,1516323580,7118,0,1,0,2
0,4,1516323580,7118,1,0,0,3
1,9,1516323580,7140,0,0,1,1
0,9,1516323580,7140,0,1,0,2
0,9,1516323580,7140,1,0,0,3
0,29,1516323580,7144,1,0,0,1
1,29,1516323580,7144,0,0,1,2
0,29,1516323580,7144,0,1,0,3
0,27,1516324440,7189,0,1,0,1
0,27,1516324440,7189,0,1,0,2
1,27,1516324440,7189,0,0,1,3
0,12,1516324440,7191,0,1,0,1
1,12,1516324440,7191,1,0,0,2
0,12,1516324440,7191,0,0,1,3
0,2,1516324440,7193,0,0,1,1
1,2,1516324440,7193,1,0,0,2
0,2,1516324440,7193,0,1,0,3
0,32,1516324440,7201,1,0,0,1
0,32,1516324440,7201,0,1,0,2
1,32,1516324440,7201,1,0,0,3
0,22,1516324440,7205,0,1,0,1
1,22,1516324440,7205,1,0,0,2
0,22,1516324440,7205,0,0,1,3
0,17,1516324440,7213,0,1,0,1
0,17,1516324440,7213,1,0,0,2
1,17,1516324440,7213,1,0,0,3
0,7,1516324440,7227,0,0,1,1
0,7,1516324440,7227,0,1,0,2
1,7,1516324440,7227,1,0,0,3
0,8,1516324621,7244,1,0,0,1
1,8,1516324621,7244,0,1,0,2
0,8,1516324621,7244,0,0,1,3
0,3,1516324621,7250,0,1,0,1
1,3,1516324621,7250,1,0,0,2
0,3,1516324621,7250,0,0,1,3
0,23,1516324621,7252,0,1,0,1
0,23,1516324621,7252,0,0,1,2
1,23,1516324621,7252,1,0,0,3
1,28,1516324621,7256,1,0,0,1
0,28,1516324621,7256,0,0,1,2
0,28,1516324621,7256,0,1,0,3
0,13,1516324621,7284,0,0,1,1
0,13,1516324621,7284,0,0,1,2
1,13,1516324621,7284,0,1,0,3
0,18,1516324621,7294,0,1,0,1
1,18,1516324621,7294,0,1,0,2
0,18,1516324621,7294,0,0,1,3
0,33,1516324621,7304,0,0,1,1
1,33,1516324621,7304,1,0,0,2
0,33,1516324621,7304,0,1,0,3
1,21,1516326736,7319,1,0,0,1
0,21,1516326736,7319,1,0,0,2
0,21,1516326736,7319,0,0,1,3
1,36,1516326736,7333,0,1,0,1
0,36,1516326736,7333,0,0,1,2
0,36,1516326736,7333,1,0,0,3
1,1,1516326736,7351,0,1,0,1
0,1,1516326736,7351,0,1,0,2
0,1,1516326736,7351,0,0,1,3
1,6,1516326736,7353,1,0,0,1
0,6,1516326736,7353,0,0,1,2
0,6,1516326736,7353,1,0,0,3
1,26,1516326736,7359,1,0,0,1
0,26,1516326736,7359,0,0,1,2
0,26,1516326736,7359,0,1,0,3
1,11,1516326736,7379,1,0,0,1
0,11,1516326736,7379,0,1,0,2
0,11,1516326736,7379,1,0,0,3
1,31,1516326736,7383,1,0,0,1
0,31,1516326736,7383,1,0,0,2
0,31,1516326736,7383,0,1,0,3
1,16,1516326736,7385,0,0,1,1
0,16,1516326736,7385,0,0,1,2
0,16,1516326736,7385,0,1,0,3
0,10,1516326967,7400,0,0,1,1
1,10,1516326967,7400,1,0,0,2
0,10,1516326967,7400,0,1,0,3
0,35,1516326967,7404,0,0,1,1
1,35,1516326967,7404,0,0,1,2
0,35,1516326967,7404,0,1,0,3
0,20,1516326967,7406,1,0,0,1
1,20,1516326967,7406,1,0,0,2
0,20,1516326967,7406,0,0,1,3
0,15,1516326967,7412,1,0,0,1
1,15,1516326967,7412,0,0,1,2
0,15,1516326967,7412,0,1,0,3
0,25,1516326967,7424,1,0,0,1
1,25,1516326967,7424,0,1,0,2
0,25,1516326967,7424,1,0,0,3
0,30,1516326967,7434,1,0,0,1
1,30,1516326967,7434,0,0,1,2
0,30,1516326967,7434,1,0,0,3
0,5,1516326967,7452,1,0,0,1
1,5,1516326967,7452,0,1,0,2
0,5,1516326967,7452,0,1,0,3
1,17,1516374859,7481,1,0,0,1
0,17,1516374859,7481,0,1,0,2
0,17,1516374859,7481,1,0,0,3
0,27,1516374859,7483,1,0,0,1
0,27,1516374859,7483,0,0,1,2
1,27,1516374859,7483,0,1,0,3
0,22,1516374859,7519,0,0,1,1
1,22,1516374859,7519,0,1,0,2
0,22,1516374859,7519,1,0,0,3
0,7,1516374859,7525,1,0,0,1
1,7,1516374859,7525,0,0,1,2
0,7,1516374859,7525,0,0,1,3
0,32,1516374859,7529,0,1,0,1
1,32,1516374859,7529,0,0,1,2
0,32,1516374859,7529,0,0,1,3
1,12,1516374859,7531,0,1,0,1
0,12,1516374859,7531,0,1,0,2
0,12,1516374859,7531,0,0,1,3
0,2,1516374859,7533,0,1,0,1
1,2,1516374859,7533,1,0,0,2
0,2,1516374859,7533,0,1,0,3
0,18,1516374951,7548,0,1,0,1
1,18,1516374951,7548,1,0,0,2
0,18,1516374951,7548,0,1,0,3
1,33,1516374951,7554,0,1,0,1
0,33,1516374951,7554,0,1,0,2
0,33,1516374951,7554,0,0,1,3
0,8,1516374951,7568,1,0,0,1
1,8,1516374951,7568,1,0,0,2
0,8,1516374951,7568,0,1,0,3
1,23,1516374951,7580,1,0,0,1
0,23,1516374951,7580,0,1,0,2
0,23,1516374951,7580,1,0,0,3
0,28,1516374951,7582,1,0,0,1
0,28,1516374951,7582,0,0,1,2
1,28,1516374951,7582,0,0,1,3
0,3,1516374951,7606,0,0,1,1
1,3,1516374951,7606,1,0,0,2
0,3,1516374951,7606,0,1,0,3
1,13,1516374951,7610,1,0,0,1
0,13,1516374951,7610,0,0,1,2
0,13,1516374951,7610,0,0,1,3
1,15,1516374957,7645,0,0,1,1
0,15,1516374957,7645,0,0,1,2
0,15,1516374957,7645,0,1,0,3
0,25,1516374957,7647,1,0,0,1
1,25,1516374957,7647,0,1,0,2
0,25,1516374957,7647,1,0,0,3
0,30,1516374957,7657,0,0,1,1
1,30,1516374957,7657,1,0,0,2
0,30,1516374957,7657,1,0,0,3
0,35,1516374957,7663,0,1,0,1
1,35,1516374957,7663,0,1,0,2
0,35,1516374957,7663,0,0,1,3
0,5,1516374957,7675,0,0,1,1
1,5,1516374957,7675,1,0,0,2
0,5,1516374957,7675,0,1,0,3
0,20,1516374957,7677,0,0,1,1
0,20,1516374957,7677,1,0,0,2
1,20,1516374957,7677,0,0,1,3
0,10,1516374957,7691,0,1,0,1
0,10,1516374957,7691,0,0,1,2
1,10,1516374957,7691,1,0,0,3
1,16,1516375035,7702,0,0,1,1
0,16,1516375035,7702,0,1,0,2
0,16,1516375035,7702,0,0,1,3
0,26,1516375035,7704,0,1,0,1
0,26,1516375035,7704,1,0,0,2
1,26,1516375035,7704,0,0,1,3
0,21,1516375035,7714,0,1,0,1
0,21,1516375035,7714,0,0,1,2
1,21,1516375035,7714,0,0,1,3
0,1,1516375035,7742,0,0,1,1
1,1,1516375035,7742,1,0,0,2
0,1,1516375035,7742,0,1,0,3
0,11,1516375035,7748,0,1,0,1
0,11,1516375035,7748,1,0,0,2
1,11,1516375035,7748,0,1,0,3
1,36,1516375035,7760,0,0,1,1
0,36,1516375035,7760,1,0,0,2
0,36,1516375035,7760,0,1,0,3
0,6,1516375035,7764,0,1,0,1
0,6,1516375035,7764,0,1,0,2
1,6,1516375035,7764,0,0,1,3
0,31,1516375035,7770,0,1,0,1
0,31,1516375035,7770,0,1,0,2
1,31,1516375035,7770,1,0,0,3
0,9,1516377110,7785,1,0,0,1
1,9,1516377110,7785,0,0,1,2
0,9,1516377110,7785,1,0,0,3
1,4,1516377110,7787,0,0,1,1
0,4,1516377110,7787,0,0,1,2
0,4,1516377110,7787,1,0,0,3
0,29,1516377110,7795,1,0,0,1
1,29,1516377110,7795,0,0,1,2
0,29,1516377110,7795,0,1,0,3
1,24,1516377110,7801,1,0,0,1
0,24,1516377110,7801,0,1,0,2
0,24,1516377110,7801,0,0,1,3
1,19,1516377110,7807,0,1,0,1
0,19,1516377110,7807,1,0,0,2
0,19,1516377110,7807,0,0,1,3
1,34,1516377110,7817,0,1,0,1
0,34,1516377110,7817,0,1,0,2
0,34,1516377110,7817,1,0,0,3
1,14,1516377110,7829,0,0,1,1
0,14,1516377110,7829,0,1,0,2
0,14,1516377110,7829,1,0,0,3
0,18,1516377324,7860,0,0,1,1
1,18,1516377324,7860,1,0,0,2
0,18,1516377324,7860,1,0,0,3
1,3,1516377324,7880,1,0,0,1
0,3,1516377324,7880,0,1,0,2
0,3,1516377324,7880,0,0,1,3
0,28,1516377324,7882,1,0,0,1
1,28,1516377324,7882,1,0,0,2
0,28,1516377324,7882,0,1,0,3
1,23,1516377324,7894,1,0,0,1
0,23,1516377324,7894,0,1,0,2
0,23,1516377324,7894,0,0,1,3
0,13,1516377324,7896,0,1,0,1
0,13,1516377324,7896,0,0,1,2
1,13,1516377324,7896,0,0,1,3
0,33,1516377324,7920,0,1,0,1
1,33,1516377324,7920,0,1,0,2
0,33,1516377324,7920,0,0,1,3
0,8,1516377324,7926,0,0,1,1
1,8,1516377324,7926,1,0,0,2
0,8,1516377324,7926,0,1,0,3
0,2,1516377711,7933,0,0,1,1
1,2,1516377711,7933,1,0,0,2
0,2,1516377711,7933,0,0,1,3
1,12,1516377711,7939,0,1,0,1
0,12,1516377711,7939,1,0,0,2
0,12,1516377711,7939,1,0,0,3
0,17,1516377711,7941,0,1,0,1
1,17,1516377711,7941,1,0,0,2
0,17,1516377711,7941,0,0,1,3
0,22,1516377711,7945,0,1,0,1
1,22,1516377711,7945,0,0,1,2
0,22,1516377711,7945,1,0,0,3
0,7,1516377711,7957,1,0,0,1
1,7,1516377711,7957,0,0,1,2
0,7,1516377711,7957,0,0,1,3
0,32,1516377711,7973,0,0,1,1
1,32,1516377711,7973,0,1,0,2
0,32,1516377711,7973,0,1,0,3
0,27,1516377711,7975,0,0,1,1
1,27,1516377711,7975,1,0,0,2
0,27,1516377711,7975,0,1,0,3
1,16,1516380410,8014,1,0,0,1
0,16,1516380410,8014,0,1,0,2
0,16,1516380410,8014,1,0,0,3
0,1,1516380410,8018,0,1,0,1
0,1,1516380410,8018,0,0,1,2
1,1,1516380410,8018,1,0,0,3
0,36,1516380410,8030,0,0,1,1
0,36,1516380410,8030,0,1,0,2
1,36,1516380410,8030,0,1,0,3
1,11,1516380410,8032,1,0,0,1
0,11,1516380410,8032,1,0,0,2
0,11,1516380410,8032,0,1,0,3
0,6,1516380410,8036,1,0,0,1
1,6,1516380410,8036,0,1,0,2
0,6,1516380410,8036,0,0,1,3
0,21,1516380410,8042,1,0,0,1
0,21,1516380410,8042,0,0,1,2
1,21,1516380410,8042,0,1,0,3
0,31,1516380410,8054,1,0,0,1
1,31,1516380410,8054,1,0,0,2
0,31,1516380410,8054,0,1,0,3
0,26,1516380410,8080,0,0,1,1
1,26,1516380410,8080,0,1,0,2
0,26,1516380410,8080,1,0,0,3
0,9,1516382294,8111,0,0,1,1
1,9,1516382294,8111,1,0,0,2
0,9,1516382294,8111,0,0,1,3
0,29,1516382294,8113,0,0,1,1
1,29,1516382294,8113,1,0,0,2
0,29,1516382294,8113,0,0,1,3
1,4,1516382294,8119,1,0,0,1
0,4,1516382294,8119,0,1,0,2
0,4,1516382294,8119,0,0,1,3
0,19,1516382294,8123,0,1,0,1
0,19,1516382294,8123,0,1,0,2
1,19,1516382294,8123,1,0,0,3
0,34,1516382294,8133,1,0,0,1
1,34,1516382294,8133,0,1,0,2
0,34,1516382294,8133,0,0,1,3
0,24,1516382294,8137,0,0,1,1
1,24,1516382294,8137,0,1,0,2
0,24,1516382294,8137,1,0,0,3
1,14,1516382294,8151,1,0,0,1
0,14,1516382294,8151,0,0,1,2
0,14,1516382294,8151,0,0,1,3
