SUB,WORD_ORDER,ITEM,ORDER_TOP,SIZE_A_TOP,SIZE_B_TOP,ORDER_CENTER,SIZE_A_CENTER,SIZE_B_CENTER,ORDER_BOTTOM,SIZE_A_BOTTOM,SIZE_B_BOTTOM,CHOICE,CHOICE_SIZE
1513003540,0,24,2,60,120,1,120,60,2,120,60,CENTER,LARGER
1513003540,0,4,2,120,120,1,60,120,1,120,60,CENTER,SMALLER
1513003540,0,14,2,120,120,1,120,60,2,120,60,CENTER,LARGER
1513003540,0,34,1,60,120,1,120,60,2,120,60,BOTTOM,SMALLER
1513003540,0,29,2,120,60,1,120,120,2,60,120,BOTTOM,LARGER
1513003540,0,19,1,120,60,1,120,120,2,120,120,CENTER,EQUAL
1513003540,0,9,2,120,60,2,120,120,2,60,120,CENTER,EQUAL
1513005195,0,3,1,120,60,1,120,120,2,60,120,CENTER,EQUAL
1513005195,0,28,2,60,120,1,60,120,1,120,120,CENTER,SMALLER
1513005195,0,23,2,60,120,1,120,60,2,120,120,CENTER,LARGER
1513005195,0,13,1,120,120,2,60,120,1,120,60,CENTER,LARGER
1513005195,0,18,1,120,120,1,60,120,2,120,120,CENTER,SMALLER
1513005195,0,33,2,120,60,2,60,120,1,60,120,CENTER,LARGER
1513005195,0,8,1,120,120,2,120,60,1,120,60,TOP,EQUAL
1513005474,0,17,2,120,60,1,120,120,2,120,120,CENTER,EQUAL
1513005474,0,22,1,120,120,1,120,60,1,60,120,TOP,EQUAL
1513005474,0,32,1,120,60,2,60,120,1,120,120,BOTTOM,EQUAL
1513005474,0,12,1,120,60,2,60,120,1,60,120,TOP,LARGER
1513005474,0,27,1,60,120,1,120,120,2,60,120,BOTTOM,LARGER
1513005474,0,2,1,60,120,2,120,120,1,120,120,CENTER,EQUAL
1513005474,0,7,2,120,120,2,60,120,1,60,120,TOP,EQUAL
1513006726,0,5,2,120,120,2,60,120,2,120,60,CENTER,LARGER
1513006726,0,30,2,120,120,1,120,60,1,120,120,TOP,EQUAL
1513006726,0,20,2,120,60,1,120,60,1,60,120,CENTER,LARGER
1513006726,0,35,2,120,60,1,120,60,1,60,120,CENTER,LARGER
1513006726,0,10,1,60,120,1,120,120,2,120,60,BOTTOM,SMALLER
1513006726,0,25,1,60,120,1,120,60,2,120,60,BOTTOM,SMALLER
1513006726,0,15,2,60,120,1,120,120,2,120,120,CENTER,EQUAL
1513007007,0,34,2,60,120,1,120,60,1,120,120,BOTTOM,EQUAL
1513007007,0,24,1,120,120,1,60,120,1,120,60,TOP,EQUAL
1513007007,0,14,1,120,60,2,120,120,1,60,120,TOP,LARGER
1513007007,0,9,1,120,120,1,120,60,2,120,60,TOP,EQUAL
1513007007,0,4,1,120,60,2,120,120,2,120,60,CENTER,EQUAL
1513007007,0,29,1,60,120,2,120,120,1,120,60,CENTER,EQUAL
1513007007,0,19,1,120,60,1,120,120,2,60,120,TOP,LARGER
1513009610,0,33,2,60,120,2,120,60,1,60,120,BOTTOM,SMALLER
1513009610,0,18,1,120,120,2,60,120,2,120,120,BOTTOM,EQUAL
1513009610,0,8,1,120,120,2,60,120,1,60,120,TOP,EQUAL
1513009610,0,3,1,60,120,2,120,120,2,60,120,TOP,SMALLER
1513009610,0,28,1,120,120,2,120,60,1,120,60,TOP,EQUAL
1513009610,0,23,1,120,120,2,120,60,1,120,60,TOP,EQUAL
1513009610,0,13,1,120,60,2,120,120,1,120,120,CENTER,EQUAL
1513009715,0,2,1,120,120,1,60,120,2,60,120,TOP,EQUAL
1513009715,0,7,2,120,60,2,60,120,1,120,120,BOTTOM,EQUAL
1513009715,0,22,1,120,60,2,120,120,1,60,120,CENTER,EQUAL
1513009715,0,27,1,120,120,1,120,60,2,60,120,TOP,EQUAL
1513009715,0,32,1,60,120,1,120,60,2,120,60,CENTER,LARGER
1513009715,0,17,2,120,60,2,60,120,2,120,120,BOTTOM,EQUAL
1513009715,0,12,2,60,120,1,120,120,2,120,120,CENTER,EQUAL
1513010203,0,25,2,120,60,1,60,120,2,120,120,TOP,SMALLER
1513010203,0,10,2,120,60,1,120,120,1,120,60,CENTER,EQUAL
1513010203,0,15,1,60,120,2,120,120,2,60,120,CENTER,EQUAL
1513010203,0,30,2,120,120,1,60,120,2,60,120,TOP,EQUAL
1513010203,0,5,2,120,60,2,60,120,1,120,120,TOP,SMALLER
1513010203,0,35,2,120,60,1,120,120,2,60,120,CENTER,EQUAL
1513010203,0,20,2,120,120,2,60,120,1,120,120,CENTER,LARGER
1513010709,0,24,2,120,60,1,120,60,1,120,120,BOTTOM,EQUAL
1513010709,0,34,1,120,60,2,60,120,2,120,60,BOTTOM,SMALLER
1513010709,0,14,2,120,60,1,120,60,2,60,120,BOTTOM,LARGER
1513010709,0,19,2,60,120,1,60,120,1,120,120,BOTTOM,EQUAL
1513010709,0,29,1,60,120,2,60,120,2,120,60,CENTER,LARGER
1513010709,0,9,2,120,120,2,120,60,1,120,60,TOP,EQUAL
1513010709,0,4,1,120,60,2,120,60,2,120,120,BOTTOM,EQUAL
1513010783,0,8,1,120,120,1,60,120,2,120,120,TOP,EQUAL
1513010783,0,18,1,120,120,2,120,120,1,60,120,TOP,EQUAL
1513010783,0,28,1,60,120,2,60,120,2,120,60,CENTER,LARGER
1513010783,0,23,2,60,120,2,120,60,1,120,60,TOP,LARGER
1513010783,0,33,1,120,120,2,120,60,2,120,120,BOTTOM,EQUAL
1513010783,0,3,2,120,120,1,120,120,1,60,120,CENTER,EQUAL
1513010783,0,13,2,60,120,2,120,60,2,120,120,BOTTOM,EQUAL
1513011460,0,22,2,120,60,2,120,120,1,120,120,CENTER,EQUAL
1513011460,0,7,2,120,60,2,120,120,1,120,60,CENTER,EQUAL
1513011460,0,2,1,120,60,1,120,120,2,120,120,BOTTOM,EQUAL
1513011460,0,27,2,120,60,1,60,120,2,120,120,BOTTOM,EQUAL
1513011460,0,17,1,120,120,2,60,120,1,120,60,TOP,EQUAL
1513011460,0,12,2,120,60,2,120,120,1,60,120,CENTER,EQUAL
1513011460,0,32,1,120,60,1,60,120,2,120,120,CENTER,SMALLER
1513011474,0,16,1,60,120,1,120,60,1,120,120,CENTER,LARGER
1513011474,0,31,2,120,120,2,60,120,1,60,120,TOP,EQUAL
1513011474,0,11,1,120,120,2,60,120,1,60,120,CENTER,LARGER
1513011474,0,36,1,120,120,2,120,120,1,120,60,CENTER,EQUAL
1513011474,0,1,1,120,60,1,60,120,2,120,120,TOP,LARGER
1513011474,0,26,1,120,120,1,60,120,1,120,60,TOP,EQUAL
1513011474,0,6,1,120,60,2,60,120,2,120,60,TOP,LARGER
1513011474,0,21,2,120,120,1,120,120,2,60,120,CENTER,EQUAL
1513011747,0,18,2,120,60,1,120,60,1,60,120,CENTER,LARGER
1513011747,0,13,1,60,120,1,120,60,1,120,120,BOTTOM,EQUAL
1513011747,0,3,1,60,120,2,120,60,2,60,120,BOTTOM,LARGER
1513011747,0,23,1,120,60,2,60,120,1,60,120,CENTER,LARGER
1513011747,0,8,2,120,60,2,60,120,1,60,120,CENTER,LARGER
1513011747,0,33,1,60,120,1,120,120,2,60,120,CENTER,EQUAL
1513011747,0,28,1,120,120,2,60,120,1,60,120,TOP,EQUAL
1513012166,0,19,2,60,120,1,60,120,1,120,120,BOTTOM,EQUAL
1513012166,0,14,1,60,120,2,60,120,1,120,60,BOTTOM,LARGER
1513012166,0,34,1,60,120,2,120,60,2,120,120,TOP,SMALLER
1513012166,0,9,1,60,120,1,120,120,1,120,60,BOTTOM,LARGER
1513012166,0,4,2,120,60,1,120,120,2,60,120,CENTER,EQUAL
1513012166,0,29,1,120,120,1,120,60,2,120,60,CENTER,LARGER
1513012166,0,24,2,120,120,1,60,120,2,60,120,TOP,EQUAL
1513014470,0,6,2,60,120,1,120,120,2,120,60,CENTER,EQUAL
1513014470,0,26,2,120,60,2,60,120,1,120,60,CENTER,LARGER
1513014470,0,11,1,60,120,2,120,120,1,120,120,CENTER,EQUAL
1513014470,0,31,1,60,120,2,60,120,2,120,60,CENTER,LARGER
1513014470,0,16,1,60,120,2,60,120,1,120,60,BOTTOM,LARGER
1513014470,0,36,1,120,120,2,60,120,1,120,60,CENTER,LARGER
1513014470,0,1,1,60,120,2,120,60,2,120,120,BOTTOM,EQUAL
1513014470,0,21,1,60,120,1,120,120,2,120,120,CENTER,EQUAL
1513016873,0,35,2,60,120,1,60,120,2,120,60,BOTTOM,SMALLER
1513016873,0,5,1,120,60,1,120,120,2,120,60,CENTER,EQUAL
1513016873,0,10,1,120,60,2,120,60,2,120,120,TOP,LARGER
1513016873,0,25,1,120,120,2,60,120,2,120,60,TOP,EQUAL
1513016873,0,20,1,120,60,2,120,60,2,120,120,BOTTOM,EQUAL
1513016873,0,15,2,120,60,2,120,120,1,120,60,CENTER,EQUAL
1513016873,0,30,2,60,120,2,120,60,1,60,120,TOP,LARGER
1513017037,0,9,2,120,120,1,120,60,1,60,120,TOP,EQUAL
1513017037,0,14,2,60,120,1,120,120,1,60,120,TOP,LARGER
1513017037,0,24,1,60,120,2,60,120,1,120,60,BOTTOM,LARGER
1513017037,0,34,1,120,120,1,120,60,2,60,120,CENTER,LARGER
1513017037,0,4,1,120,120,2,60,120,2,120,120,TOP,EQUAL
1513017037,0,19,1,120,120,1,60,120,2,60,120,BOTTOM,LARGER
1513017037,0,29,1,60,120,2,120,120,2,60,120,CENTER,EQUAL
1513017208,0,18,1,120,120,2,60,120,2,120,120,BOTTOM,EQUAL
1513017208,0,28,1,60,120,2,60,120,2,120,60,CENTER,LARGER
1513017208,0,3,1,60,120,2,60,120,1,120,120,BOTTOM,EQUAL
1513017208,0,8,1,60,120,2,120,60,2,60,120,CENTER,SMALLER
1513017208,0,33,1,120,120,1,60,120,2,120,120,BOTTOM,EQUAL
1513017208,0,13,1,120,60,2,120,120,2,60,120,CENTER,EQUAL
1513017208,0,23,1,60,120,2,120,120,1,120,120,CENTER,EQUAL
1513017356,0,17,1,120,60,2,120,60,2,120,120,TOP,LARGER
1513017356,0,7,1,120,60,1,120,120,1,60,120,CENTER,EQUAL
1513017356,0,32,1,120,120,2,120,60,1,120,60,BOTTOM,LARGER
1513017356,0,12,2,120,60,1,60,120,1,120,120,CENTER,SMALLER
1513017356,0,2,2,120,60,2,60,120,2,120,120,CENTER,LARGER
1513017356,0,27,1,60,120,2,60,120,1,120,60,CENTER,LARGER
1513017356,0,22,2,120,120,1,120,60,1,60,120,BOTTOM,SMALLER
1513017932,0,26,1,120,120,2,120,120,1,60,120,CENTER,EQUAL
1513017932,0,16,2,120,120,1,60,120,2,60,120,CENTER,SMALLER
1513017932,0,11,2,120,60,1,120,120,2,60,120,CENTER,EQUAL
1513017932,0,36,2,60,120,1,60,120,1,120,120,TOP,LARGER
1513017932,0,6,2,120,60,1,60,120,2,60,120,TOP,SMALLER
1513017932,0,21,1,60,120,1,120,120,2,60,120,CENTER,EQUAL
1513017932,0,31,2,120,60,2,120,120,1,120,120,CENTER,EQUAL
1513017932,0,1,1,120,120,2,120,60,2,60,120,CENTER,SMALLER
1513018972,0,7,2,60,120,1,120,120,2,120,60,CENTER,EQUAL
1513018972,0,27,1,120,60,2,60,120,2,120,60,BOTTOM,SMALLER
1513018972,0,17,2,60,120,2,120,120,1,120,60,CENTER,EQUAL
1513018972,0,32,2,120,60,2,120,120,2,60,120,CENTER,EQUAL
1513018972,0,2,2,120,60,2,120,120,2,60,120,CENTER,EQUAL
1513018972,0,12,2,120,60,1,60,120,2,120,120,BOTTOM,EQUAL
1513018972,0,22,1,120,120,1,60,120,2,60,120,BOTTOM,LARGER
1513019358,0,1,1,120,120,2,120,120,2,120,60,TOP,EQUAL
1513019358,0,11,1,120,120,2,120,60,1,120,60,TOP,EQUAL
1513019358,0,36,2,120,60,2,120,120,1,120,60,CENTER,EQUAL
1513019358,0,26,1,60,120,2,120,60,1,120,120,TOP,SMALLER
1513019358,0,16,2,60,120,2,120,60,2,120,120,CENTER,SMALLER
1513019358,0,31,2,60,120,2,120,60,1,120,120,TOP,LARGER
1513019358,0,6,2,60,120,2,120,120,1,60,120,CENTER,EQUAL
1513019358,0,21,2,120,60,1,120,60,1,120,120,BOTTOM,EQUAL
1513019785,0,14,2,60,120,1,60,120,1,120,120,BOTTOM,EQUAL
1513019785,0,9,1,60,120,2,120,60,1,120,120,BOTTOM,EQUAL
1513019785,0,34,2,120,60,1,60,120,1,120,60,TOP,SMALLER
1513019785,0,19,2,60,120,1,120,120,2,120,120,CENTER,EQUAL
1513019785,0,4,2,120,60,1,120,60,1,120,120,TOP,SMALLER
1513019785,0,24,2,120,120,2,60,120,1,60,120,TOP,EQUAL
1513019785,0,29,1,120,120,2,60,120,1,120,60,TOP,EQUAL
1513020287,0,35,1,60,120,2,120,120,1,120,120,BOTTOM,EQUAL
1513020287,0,15,2,120,120,1,60,120,1,120,120,BOTTOM,EQUAL
1513020287,0,10,2,120,120,1,60,120,1,120,120,TOP,EQUAL
1513020287,0,20,2,60,120,1,120,60,1,120,120,BOTTOM,EQUAL
1513020287,0,5,1,120,120,1,120,60,2,60,120,TOP,EQUAL
1513020287,0,25,2,120,120,1,120,60,2,120,60,TOP,EQUAL
1513020287,0,30,1,60,120,1,120,60,1,120,120,TOP,SMALLER
1513021682,0,5,1,120,60,1,60,120,2,120,120,BOTTOM,EQUAL
1513021682,0,20,1,60,120,2,120,120,2,60,120,BOTTOM,LARGER
1513021682,0,25,1,60,120,2,120,120,2,60,120,CENTER,EQUAL
1513021682,0,10,1,120,120,1,60,120,1,120,60,TOP,EQUAL
1513021682,0,15,1,60,120,1,120,120,2,120,120,BOTTOM,EQUAL
1513021682,0,35,2,60,120,1,120,120,2,120,60,TOP,LARGER
1513021682,0,30,2,120,120,1,120,120,2,120,60,CENTER,EQUAL
1513021702,0,26,2,120,60,1,60,120,2,60,120,BOTTOM,LARGER
1513021702,0,36,1,120,60,2,120,120,1,120,120,CENTER,EQUAL
1513021702,0,1,2,60,120,2,120,120,1,120,120,BOTTOM,EQUAL
1513021702,0,6,1,60,120,1,120,60,2,120,60,BOTTOM,SMALLER
1513021702,0,16,1,120,120,2,60,120,1,60,120,TOP,EQUAL
1513021702,0,21,1,120,60,2,120,60,1,120,120,BOTTOM,EQUAL
1513021702,0,31,1,120,120,2,120,120,2,60,120,TOP,EQUAL
1513021702,0,11,1,120,120,1,120,60,1,60,120,TOP,EQUAL
1513021703,0,14,1,120,60,1,60,120,2,120,60,TOP,LARGER
1513021703,0,9,2,60,120,2,120,60,2,120,120,BOTTOM,EQUAL
1513021703,0,4,1,120,120,1,120,60,1,60,120,TOP,EQUAL
1513021703,0,34,2,120,60,2,60,120,1,120,120,BOTTOM,EQUAL
1513021703,0,29,2,60,120,2,120,60,2,120,120,BOTTOM,EQUAL
1513021703,0,19,1,60,120,1,120,60,2,120,120,BOTTOM,EQUAL
1513021703,0,24,1,120,60,2,60,120,1,120,120,BOTTOM,EQUAL
1513021877,0,13,1,60,120,2,120,120,2,120,60,CENTER,EQUAL
1513021877,0,28,2,120,120,1,60,120,2,60,120,CENTER,SMALLER
1513021877,0,3,1,60,120,1,120,120,1,120,60,CENTER,EQUAL
1513021877,0,23,2,120,120,1,60,120,2,120,60,TOP,EQUAL
1513021877,0,8,2,120,120,1,60,120,2,120,60,BOTTOM,SMALLER
1513021877,0,18,1,120,60,2,60,120,2,120,120,BOTTOM,EQUAL
1513021877,0,33,2,60,120,1,120,60,1,60,120,TOP,LARGER
1513021918,0,32,2,120,60,2,120,120,1,120,60,CENTER,EQUAL
1513021918,0,22,1,120,120,1,60,120,2,120,120,CENTER,SMALLER
1513021918,0,12,1,120,120,2,120,120,2,120,60,BOTTOM,SMALLER
1513021918,0,27,2,120,60,1,120,60,1,120,120,CENTER,LARGER
1513021918,0,7,2,60,120,2,120,60,2,120,120,CENTER,SMALLER
1513021918,0,17,1,60,120,2,120,60,2,60,120,CENTER,SMALLER
1513021918,0,2,2,60,120,2,120,120,1,120,120,CENTER,EQUAL
1513022949,0,2,2,120,60,1,60,120,1,120,120,BOTTOM,EQUAL
1513022949,0,17,2,60,120,1,120,120,2,120,120,CENTER,EQUAL
1513022949,0,32,2,60,120,1,120,120,2,120,60,CENTER,EQUAL
1513022949,0,7,2,120,60,1,120,120,2,120,120,CENTER,EQUAL
1513022949,0,12,1,60,120,2,120,120,1,120,60,BOTTOM,LARGER
1513022949,0,27,1,60,120,2,120,60,1,120,60,BOTTOM,LARGER
1513022949,0,22,1,60,120,1,120,60,2,60,120,CENTER,LARGER
1513023445,0,10,1,120,120,2,120,120,1,120,60,BOTTOM,LARGER
1513023445,0,15,2,120,60,1,60,120,2,60,120,CENTER,SMALLER
1513023445,0,25,2,120,120,1,60,120,1,120,120,TOP,EQUAL
1513023445,0,35,1,120,60,1,120,120,2,120,60,CENTER,EQUAL
1513023445,0,5,1,120,120,2,60,120,2,120,60,CENTER,LARGER
1513023445,0,20,2,120,120,1,60,120,1,120,120,CENTER,SMALLER
1513023445,0,30,2,60,120,2,120,60,2,120,120,CENTER,SMALLER
1513023542,0,6,1,60,120,2,120,60,2,60,120,BOTTOM,LARGER
1513023542,0,31,1,60,120,1,120,60,2,60,120,CENTER,LARGER
1513023542,0,26,2,60,120,1,120,120,1,60,120,TOP,LARGER
1513023542,0,16,1,120,120,2,120,60,1,60,120,CENTER,SMALLER
1513023542,0,11,2,60,120,2,120,120,1,120,60,CENTER,EQUAL
1513023542,0,36,1,60,120,2,60,120,1,120,60,TOP,SMALLER
1513023542,0,21,1,60,120,1,120,120,1,120,60,CENTER,EQUAL
1513023542,0,1,2,60,120,1,60,120,1,120,60,CENTER,SMALLER
1513026709,0,13,1,120,60,2,120,120,1,60,120,TOP,LARGER
1513026709,0,23,1,120,120,2,120,120,1,120,60,TOP,EQUAL
1513026709,0,8,2,60,120,1,60,120,2,120,60,BOTTOM,SMALLER
1513026709,0,33,1,120,120,1,60,120,2,120,60,TOP,EQUAL
1513026709,0,18,1,120,60,1,120,120,2,60,120,CENTER,EQUAL
1513026709,0,3,2,60,120,1,120,60,1,60,120,TOP,LARGER
1513026709,0,28,1,120,60,2,120,120,2,120,60,CENTER,EQUAL
1516198991,0,14,2,60,120,2,120,60,1,120,120,BOTTOM,EQUAL
1516198991,0,19,1,60,120,2,120,60,1,120,120,CENTER,SMALLER
1516198991,0,29,2,120,60,1,60,120,2,60,120,CENTER,SMALLER
1516198991,0,9,2,60,120,1,60,120,2,120,60,CENTER,SMALLER
1516198991,0,4,2,120,60,1,60,120,1,120,120,TOP,SMALLER
1516198991,0,24,1,120,120,1,60,120,1,120,60,TOP,EQUAL
1516198991,0,34,2,120,120,1,120,60,1,60,120,TOP,EQUAL
1516199325,0,5,1,60,120,1,120,60,1,120,120,BOTTOM,EQUAL
1516199325,0,30,2,60,120,1,120,60,2,120,120,BOTTOM,EQUAL
1516199325,0,25,2,120,120,1,120,60,2,120,60,TOP,EQUAL
1516199325,0,35,2,120,60,1,120,60,2,120,120,TOP,SMALLER
1516199325,0,20,2,60,120,1,60,120,2,120,120,CENTER,SMALLER
1516199325,0,15,2,120,120,2,60,120,1,120,120,BOTTOM,EQUAL
1516199325,0,10,2,120,120,1,60,120,1,120,120,TOP,EQUAL
1516199706,0,12,2,120,60,1,60,120,2,60,120,CENTER,SMALLER
1516199706,0,32,1,60,120,2,120,120,1,120,120,BOTTOM,EQUAL
1516199706,0,17,1,120,120,1,120,60,2,60,120,TOP,EQUAL
1516199706,0,2,1,60,120,2,120,120,1,120,60,CENTER,EQUAL
1516199706,0,7,2,120,60,2,60,120,1,120,60,TOP,SMALLER
1516199706,0,22,2,120,120,2,60,120,1,120,60,BOTTOM,LARGER
1516199706,0,27,2,60,120,1,120,60,1,60,120,CENTER,LARGER
1516199854,0,25,1,60,120,2,60,120,2,120,60,CENTER,LARGER
1516199854,0,5,2,120,120,1,120,60,2,60,120,TOP,EQUAL
1516199854,0,20,2,120,60,2,120,120,1,60,120,CENTER,EQUAL
1516199854,0,35,2,120,120,1,60,120,2,60,120,TOP,EQUAL
1516199854,0,15,2,120,60,1,120,120,1,60,120,CENTER,EQUAL
1516199854,0,30,2,120,120,2,60,120,1,120,120,BOTTOM,EQUAL
1516199854,0,10,1,120,120,1,60,120,2,60,120,TOP,EQUAL
1516199862,0,16,1,120,120,1,120,60,2,120,120,CENTER,LARGER
1516199862,0,6,2,120,60,2,60,120,1,120,60,TOP,SMALLER
1516199862,0,31,1,60,120,2,120,60,2,120,120,BOTTOM,EQUAL
1516199862,0,11,1,60,120,2,60,120,2,120,120,CENTER,LARGER
1516199862,0,21,2,120,60,1,120,120,1,120,60,CENTER,EQUAL
1516199862,0,1,2,120,120,2,120,60,1,60,120,CENTER,SMALLER
1516199862,0,26,1,60,120,2,120,60,2,120,120,TOP,SMALLER
1516199862,0,36,1,120,120,2,120,60,2,60,120,TOP,EQUAL
1516200748,0,8,1,60,120,1,120,60,2,120,120,BOTTOM,EQUAL
1516200748,0,33,1,60,120,2,120,120,1,120,60,CENTER,EQUAL
1516200748,0,18,1,120,120,1,120,60,1,60,120,CENTER,LARGER
1516200748,0,3,1,60,120,2,60,120,1,120,60,BOTTOM,LARGER
1516200748,0,28,1,60,120,2,60,120,1,120,120,BOTTOM,EQUAL
1516200748,0,13,1,120,60,2,60,120,1,60,120,TOP,LARGER
1516200748,0,23,2,120,120,1,120,120,1,120,60,TOP,EQUAL
1516202508,0,33,2,120,120,1,60,120,1,120,60,TOP,EQUAL
1516202508,0,23,2,120,120,1,120,60,2,60,120,TOP,EQUAL
1516202508,0,18,1,120,120,2,120,120,1,120,60,TOP,EQUAL
1516202508,0,8,1,60,120,2,60,120,1,120,60,BOTTOM,LARGER
1516202508,0,13,2,120,60,1,60,120,1,120,120,BOTTOM,EQUAL
1516202508,0,28,1,60,120,2,120,120,1,120,60,CENTER,EQUAL
1516202508,0,3,1,60,120,1,120,60,2,120,120,BOTTOM,EQUAL
1516202518,0,12,1,60,120,2,120,60,1,120,120,BOTTOM,EQUAL
1516202518,0,7,1,60,120,1,120,120,2,120,60,CENTER,EQUAL
1516202518,0,22,2,60,120,1,120,120,1,60,120,CENTER,EQUAL
1516202518,0,27,1,120,120,1,60,120,2,60,120,TOP,EQUAL
1516202518,0,32,2,60,120,2,120,120,2,120,60,CENTER,EQUAL
1516202518,0,17,1,120,60,1,120,120,2,60,120,CENTER,EQUAL
1516202518,0,2,1,60,120,2,60,120,2,120,60,BOTTOM,SMALLER
1516205493,0,21,1,120,120,1,120,60,2,120,120,TOP,EQUAL
1516205493,0,11,1,60,120,1,120,60,2,120,120,BOTTOM,EQUAL
1516205493,0,31,1,120,120,1,120,60,1,60,120,TOP,EQUAL
1516205493,0,1,2,120,60,1,120,120,2,120,120,CENTER,EQUAL
1516205493,0,16,2,120,120,1,120,60,2,60,120,TOP,EQUAL
1516205493,0,36,1,120,120,2,120,60,2,120,120,TOP,EQUAL
1516205493,0,6,2,120,120,1,120,120,2,60,120,TOP,EQUAL
1516205493,0,26,2,120,120,1,120,60,2,120,60,TOP,EQUAL
1516206746,0,25,1,120,60,2,120,120,2,120,60,BOTTOM,SMALLER
1516206746,0,5,2,120,120,2,60,120,2,120,60,BOTTOM,SMALLER
1516206746,0,35,1,60,120,1,120,60,2,120,60,BOTTOM,SMALLER
1516206746,0,10,2,60,120,1,120,60,2,120,60,BOTTOM,SMALLER
1516206746,0,30,2,120,60,1,120,60,2,60,120,TOP,SMALLER
1516206746,0,20,1,120,60,1,60,120,1,120,120,TOP,LARGER
1516206746,0,15,1,60,120,2,60,120,1,120,120,TOP,SMALLER
1516206875,0,19,2,120,60,1,120,60,1,60,120,TOP,SMALLER
1516206875,0,4,1,120,120,2,120,60,2,120,120,CENTER,SMALLER
1516206875,0,14,1,120,120,1,60,120,2,120,60,BOTTOM,SMALLER
1516206875,0,24,2,120,120,2,120,60,1,60,120,BOTTOM,SMALLER
1516206875,0,9,1,120,120,1,120,60,2,120,60,CENTER,LARGER
1516206875,0,34,1,120,120,2,120,120,1,60,120,TOP,EQUAL
1516206875,0,29,2,120,120,2,120,60,2,60,120,TOP,EQUAL
1516206968,0,8,2,60,120,1,60,120,1,120,60,BOTTOM,LARGER
1516206968,0,33,1,120,60,1,60,120,1,120,120,BOTTOM,EQUAL
1516206968,0,13,1,120,60,1,120,120,2,60,120,CENTER,EQUAL
1516206968,0,28,1,60,120,2,60,120,1,120,60,TOP,SMALLER
1516206968,0,3,2,120,120,1,120,120,1,120,60,CENTER,EQUAL
1516206968,0,23,2,120,60,2,120,120,1,60,120,CENTER,EQUAL
1516206968,0,18,1,120,60,2,120,120,1,120,120,CENTER,EQUAL
1516208275,0,2,2,60,120,2,120,60,1,120,120,CENTER,SMALLER
1516208275,0,22,2,60,120,1,60,120,2,120,60,BOTTOM,SMALLER
1516208275,0,7,2,120,60,2,120,120,1,120,60,CENTER,EQUAL
1516208275,0,17,1,60,120,2,120,60,1,120,60,CENTER,SMALLER
1516208275,0,12,1,60,120,1,120,120,2,120,120,CENTER,EQUAL
1516208275,0,27,1,60,120,2,120,60,1,120,120,BOTTOM,EQUAL
1516208275,0,32,2,60,120,1,60,120,1,120,120,BOTTOM,EQUAL
1516208571,0,16,1,60,120,1,120,120,1,120,60,CENTER,EQUAL
1516208571,0,11,2,60,120,1,120,60,1,120,120,BOTTOM,EQUAL
1516208571,0,21,2,60,120,1,60,120,2,120,120,BOTTOM,EQUAL
1516208571,0,1,1,60,120,1,120,60,2,60,120,BOTTOM,LARGER
1516208571,0,6,2,120,60,2,120,120,1,120,120,BOTTOM,EQUAL
1516208571,0,26,2,120,60,2,60,120,2,120,120,BOTTOM,EQUAL
1516208571,0,36,1,60,120,2,60,120,2,120,60,CENTER,LARGER
1516208571,0,31,1,60,120,2,120,120,2,120,60,CENTER,EQUAL
1516209574,0,14,2,60,120,1,60,120,1,120,60,BOTTOM,LARGER
1516209574,0,4,1,120,60,2,60,120,1,60,120,TOP,LARGER
1516209574,0,19,2,60,120,1,120,120,2,120,120,BOTTOM,EQUAL
1516209574,0,9,2,120,120,2,60,120,2,120,60,TOP,EQUAL
1516209574,0,24,1,60,120,2,60,120,1,120,120,TOP,SMALLER
1516209574,0,29,1,120,60,1,60,120,2,60,120,CENTER,SMALLER
1516209574,0,34,1,60,120,1,120,60,2,120,120,CENTER,LARGER
1516209686,0,27,2,120,60,1,120,120,1,60,120,CENTER,EQUAL
1516209686,0,2,1,60,120,2,120,60,2,60,120,CENTER,SMALLER
1516209686,0,7,1,120,60,2,120,120,1,60,120,CENTER,EQUAL
1516209686,0,22,2,120,120,2,60,120,1,60,120,TOP,EQUAL
1516209686,0,12,1,120,120,1,120,60,2,120,60,TOP,EQUAL
1516209686,0,32,1,60,120,2,120,120,1,120,120,BOTTOM,EQUAL
1516209686,0,17,1,60,120,2,60,120,2,120,60,CENTER,LARGER
1516209766,0,31,2,120,120,2,120,60,1,60,120,BOTTOM,SMALLER
1516209766,0,36,1,120,120,1,60,120,2,120,60,TOP,EQUAL
1516209766,0,1,1,120,120,2,60,120,1,60,120,TOP,EQUAL
1516209766,0,16,2,120,60,2,120,120,1,120,60,TOP,SMALLER
1516209766,0,26,2,120,60,2,60,120,1,60,120,CENTER,LARGER
1516209766,0,21,1,60,120,2,60,120,1,120,60,CENTER,LARGER
1516209766,0,11,1,120,120,2,120,60,1,60,120,CENTER,SMALLER
1516209766,0,6,2,120,120,2,120,60,1,120,120,BOTTOM,EQUAL
1516210381,0,14,2,60,120,2,120,120,2,120,60,CENTER,EQUAL
1516210381,0,19,1,120,60,2,60,120,1,120,120,CENTER,LARGER
1516210381,0,4,2,120,120,2,120,60,1,60,120,BOTTOM,SMALLER
1516210381,0,24,1,120,60,1,60,120,2,60,120,BOTTOM,LARGER
1516210381,0,29,2,120,120,2,60,120,1,120,60,TOP,EQUAL
1516210381,0,34,2,120,60,1,120,120,1,60,120,CENTER,EQUAL
1516210381,0,9,2,120,60,1,120,120,2,120,120,CENTER,EQUAL
1516232236,0,8,1,120,60,2,60,120,1,60,120,CENTER,LARGER
1516232236,0,28,2,120,120,2,60,120,1,120,120,CENTER,LARGER
1516232236,0,3,2,120,120,1,120,60,2,120,60,CENTER,LARGER
1516232236,0,33,1,120,120,2,60,120,1,60,120,BOTTOM,SMALLER
1516232236,0,18,2,60,120,1,60,120,2,120,60,CENTER,SMALLER
1516232236,0,13,1,120,120,2,120,120,2,60,120,TOP,EQUAL
1516232236,0,23,2,60,120,2,120,120,1,60,120,TOP,LARGER
1516232290,0,30,1,120,60,2,60,120,2,120,120,BOTTOM,EQUAL
1516232290,0,5,1,60,120,1,120,60,2,60,120,CENTER,LARGER
1516232290,0,20,1,120,60,2,120,120,1,120,120,BOTTOM,EQUAL
1516232290,0,15,2,120,60,1,120,60,1,120,120,BOTTOM,EQUAL
1516232290,0,25,1,120,60,2,120,60,2,60,120,TOP,LARGER
1516232290,0,10,2,120,60,2,120,120,1,120,60,CENTER,EQUAL
1516232290,0,35,1,120,60,2,120,60,2,60,120,TOP,LARGER
1516232541,0,4,1,60,120,2,120,120,2,60,120,CENTER,EQUAL
1516232541,0,24,1,120,60,2,120,120,2,60,120,CENTER,EQUAL
1516232541,0,9,1,120,60,2,120,120,1,60,120,CENTER,EQUAL
1516232541,0,14,2,60,120,2,120,120,1,120,120,BOTTOM,EQUAL
1516232541,0,29,1,60,120,2,120,120,2,120,60,CENTER,EQUAL
1516232541,0,34,2,120,60,1,120,120,2,120,120,CENTER,EQUAL
1516232541,0,19,1,120,120,2,120,120,2,60,120,TOP,EQUAL
1516232739,0,14,2,120,60,2,60,120,1,120,60,TOP,SMALLER
1516232739,0,24,2,120,60,2,120,120,1,120,120,CENTER,EQUAL
1516232739,0,4,2,60,120,1,120,120,1,60,120,BOTTOM,SMALLER
1516232739,0,19,2,120,60,1,60,120,2,60,120,CENTER,SMALLER
1516232739,0,9,2,60,120,1,120,60,1,60,120,TOP,LARGER
1516232739,0,29,2,120,60,2,120,120,2,60,120,CENTER,EQUAL
1516232739,0,34,1,60,120,1,120,120,2,120,120,CENTER,EQUAL
1516233094,0,5,2,120,60,1,120,60,1,60,120,CENTER,LARGER
1516233094,0,25,2,120,60,2,60,120,2,120,120,BOTTOM,EQUAL
1516233094,0,15,2,120,120,1,120,60,2,120,60,TOP,EQUAL
1516233094,0,10,1,60,120,2,120,60,2,60,120,CENTER,SMALLER
1516233094,0,20,2,120,60,1,120,120,2,60,120,CENTER,EQUAL
1516233094,0,30,2,120,120,1,120,60,2,120,60,TOP,EQUAL
1516233094,0,35,1,60,120,1,120,120,2,120,120,CENTER,EQUAL
1516233697,0,34,1,60,120,2,60,120,2,120,60,CENTER,LARGER
1516233697,0,14,1,60,120,2,120,60,1,120,120,BOTTOM,EQUAL
1516233697,0,29,2,120,120,2,120,60,2,60,120,TOP,EQUAL
1516233697,0,4,2,60,120,1,120,120,1,60,120,TOP,LARGER
1516233697,0,24,1,120,60,2,60,120,2,120,120,BOTTOM,EQUAL
1516233697,0,19,2,60,120,2,120,120,1,60,120,CENTER,EQUAL
1516233697,0,9,2,120,120,1,120,60,1,60,120,TOP,EQUAL
1516234513,0,12,2,120,60,1,120,120,1,120,60,CENTER,EQUAL
1516234513,0,32,2,120,60,1,60,120,2,60,120,TOP,SMALLER
1516234513,0,7,2,120,120,2,60,120,1,60,120,TOP,EQUAL
1516234513,0,27,1,120,120,2,60,120,2,120,120,CENTER,LARGER
1516234513,0,2,2,120,120,1,120,120,1,120,60,BOTTOM,LARGER
1516234513,0,17,2,120,120,1,120,120,1,120,60,TOP,EQUAL
1516234513,0,22,1,120,120,1,60,120,2,120,60,CENTER,SMALLER
1516235997,0,16,1,120,120,2,120,120,1,60,120,CENTER,EQUAL
1516235997,0,11,2,120,120,1,120,60,2,60,120,TOP,EQUAL
1516235997,0,1,2,120,60,1,120,120,2,120,120,CENTER,EQUAL
1516235997,0,31,2,120,120,1,120,60,1,60,120,TOP,EQUAL
1516235997,0,6,2,120,120,1,120,120,1,120,60,BOTTOM,LARGER
1516235997,0,26,2,120,60,1,60,120,2,60,120,CENTER,SMALLER
1516235997,0,21,1,60,120,2,120,120,2,60,120,TOP,SMALLER
1516235997,0,36,1,120,120,2,120,120,2,60,120,BOTTOM,LARGER
1516237347,0,5,1,120,120,1,120,60,1,60,120,TOP,EQUAL
1516237347,0,10,2,60,120,2,120,120,2,120,60,CENTER,EQUAL
1516237347,0,20,1,120,120,2,60,120,2,120,120,TOP,EQUAL
1516237347,0,25,2,120,60,2,120,120,1,60,120,CENTER,EQUAL
1516237347,0,30,1,120,120,2,120,120,2,60,120,TOP,EQUAL
1516237347,0,15,2,120,60,2,120,120,1,120,60,CENTER,EQUAL
1516237347,0,35,2,60,120,2,120,120,1,60,120,CENTER,EQUAL
1516292772,0,1,2,120,60,2,120,120,1,60,120,CENTER,EQUAL
1516292772,0,21,1,120,120,2,120,60,2,120,120,TOP,EQUAL
1516292772,0,31,2,120,120,2,60,120,1,120,120,TOP,EQUAL
1516292772,0,11,2,120,60,1,120,60,1,60,120,CENTER,LARGER
1516292772,0,26,2,120,60,1,120,60,2,60,120,CENTER,LARGER
1516292772,0,6,2,60,120,2,120,60,1,120,60,CENTER,SMALLER
1516292772,0,36,2,120,60,2,60,120,2,120,120,TOP,SMALLER
1516292772,0,16,2,120,60,2,60,120,1,120,60,TOP,SMALLER
1516292803,0,33,1,120,120,1,60,120,2,120,60,TOP,EQUAL
1516292803,0,18,1,120,60,2,120,60,2,120,120,BOTTOM,EQUAL
1516292803,0,8,1,120,120,1,120,60,2,120,120,TOP,EQUAL
1516292803,0,23,2,120,120,1,120,120,2,120,60,CENTER,EQUAL
1516292803,0,13,2,120,120,2,120,60,2,60,120,TOP,EQUAL
1516292803,0,3,2,120,60,1,120,60,1,120,120,BOTTOM,EQUAL
1516292803,0,28,2,120,120,2,60,120,2,120,60,TOP,EQUAL
1516292936,0,27,2,120,60,1,120,60,2,120,120,TOP,SMALLER
1516292936,0,2,1,120,120,1,60,120,2,120,120,BOTTOM,EQUAL
1516292936,0,7,1,120,60,1,120,120,2,120,60,BOTTOM,SMALLER
1516292936,0,17,2,120,60,2,120,120,1,120,60,BOTTOM,LARGER
1516292936,0,22,2,120,120,1,60,120,1,120,60,TOP,EQUAL
1516292936,0,12,1,60,120,2,120,120,1,120,120,CENTER,EQUAL
1516292936,0,32,1,120,60,2,120,120,2,60,120,TOP,LARGER
1516293006,0,29,1,120,60,2,60,120,1,120,120,CENTER,LARGER
1516293006,0,24,2,60,120,1,60,120,2,120,120,CENTER,SMALLER
1516293006,0,19,1,60,120,2,60,120,1,120,120,CENTER,LARGER
1516293006,0,14,1,120,120,2,60,120,2,120,120,TOP,EQUAL
1516293006,0,4,1,120,120,2,120,120,2,60,120,TOP,EQUAL
1516293006,0,9,1,120,60,1,60,120,2,120,120,BOTTOM,EQUAL
1516293006,0,34,2,120,120,1,60,120,1,120,60,TOP,EQUAL
1516293656,0,21,1,60,120,1,120,60,2,120,60,TOP,SMALLER
1516293656,0,36,1,120,60,1,60,120,2,120,60,CENTER,SMALLER
1516293656,0,16,2,60,120,1,60,120,1,120,120,BOTTOM,EQUAL
1516293656,0,6,1,120,120,1,120,60,1,60,120,TOP,EQUAL
1516293656,0,31,1,60,120,1,120,60,2,120,60,TOP,SMALLER
1516293656,0,1,1,120,60,1,60,120,2,120,120,CENTER,SMALLER
1516293656,0,26,1,120,120,1,60,120,2,120,60,CENTER,SMALLER
1516293656,0,11,2,120,60,1,60,120,2,60,120,CENTER,SMALLER
1516293685,0,20,1,120,120,2,120,60,2,60,120,TOP,EQUAL
1516293685,0,5,2,60,120,2,120,120,1,120,60,CENTER,EQUAL
1516293685,0,35,1,120,60,2,120,120,2,60,120,CENTER,EQUAL
1516293685,0,10,1,120,120,2,120,120,1,120,60,TOP,EQUAL
1516293685,0,25,1,60,120,1,120,120,2,60,120,CENTER,EQUAL
1516293685,0,30,1,120,60,2,120,60,1,60,120,CENTER,SMALLER
1516293685,0,15,2,120,120,1,60,120,1,120,60,TOP,EQUAL
1516293814,0,17,1,60,120,2,120,120,2,120,60,BOTTOM,SMALLER
1516293814,0,12,1,120,60,2,120,60,1,120,120,CENTER,SMALLER
1516293814,0,22,1,60,120,2,120,60,1,120,120,BOTTOM,EQUAL
1516293814,0,7,1,60,120,1,120,60,2,60,120,CENTER,LARGER
1516293814,0,32,1,60,120,1,120,60,1,120,120,CENTER,LARGER
1516293814,0,2,2,120,60,2,120,120,1,120,120,BOTTOM,EQUAL
1516293814,0,27,1,120,120,1,120,60,2,120,60,TOP,EQUAL
1516294273,0,34,2,120,60,1,120,120,2,120,120,CENTER,EQUAL
1516294273,0,9,2,120,120,1,60,120,2,120,60,CENTER,SMALLER
1516294273,0,14,1,120,120,2,120,120,1,120,60,TOP,EQUAL
1516294273,0,4,2,60,120,2,120,60,1,60,120,CENTER,SMALLER
1516294273,0,29,1,120,60,1,120,120,2,120,120,CENTER,EQUAL
1516294273,0,19,2,120,60,1,120,60,2,120,120,TOP,SMALLER
1516294273,0,24,2,120,120,1,120,120,2,60,120,TOP,EQUAL
1516295523,0,18,2,120,120,2,120,60,2,60,120,TOP,EQUAL
1516295523,0,23,2,120,120,2,60,120,1,120,60,TOP,EQUAL
1516295523,0,28,1,120,60,1,60,120,2,120,120,BOTTOM,EQUAL
1516295523,0,3,1,60,120,1,120,60,2,60,120,CENTER,LARGER
1516295523,0,8,2,60,120,1,60,120,1,120,120,BOTTOM,EQUAL
1516295523,0,33,1,120,120,1,60,120,2,120,120,TOP,EQUAL
1516295523,0,13,2,120,120,1,60,120,2,60,120,TOP,EQUAL
1516296860,0,36,1,120,60,1,120,120,1,60,120,CENTER,EQUAL
1516296860,0,6,1,120,60,1,60,120,2,60,120,TOP,LARGER
1516296860,0,11,1,120,60,2,60,120,1,60,120,CENTER,LARGER
1516296860,0,26,1,60,120,2,120,60,2,60,120,BOTTOM,LARGER
1516296860,0,31,2,60,120,2,120,60,1,120,120,TOP,LARGER
1516296860,0,21,1,120,120,2,60,120,2,120,120,CENTER,LARGER
1516296860,0,1,2,120,60,1,60,120,2,60,120,BOTTOM,LARGER
1516296860,0,16,1,120,120,2,60,120,1,120,60,CENTER,LARGER
1516297407,0,15,1,60,120,2,120,120,2,60,120,CENTER,EQUAL
1516297407,0,10,2,60,120,1,60,120,1,120,120,CENTER,SMALLER
1516297407,0,20,1,120,120,2,120,60,1,120,60,BOTTOM,LARGER
1516297407,0,35,2,120,120,2,60,120,1,60,120,TOP,EQUAL
1516297407,0,30,2,120,60,1,60,120,2,120,120,TOP,SMALLER
1516297407,0,5,2,120,120,2,120,60,1,120,120,TOP,EQUAL
1516297407,0,25,2,60,120,1,60,120,2,120,120,TOP,LARGER
1516297577,0,8,2,60,120,1,120,120,1,120,60,CENTER,EQUAL
1516297577,0,13,1,120,60,2,60,120,1,120,120,BOTTOM,EQUAL
1516297577,0,23,1,60,120,1,120,60,2,60,120,CENTER,LARGER
1516297577,0,3,2,120,60,1,120,60,2,120,120,BOTTOM,EQUAL
1516297577,0,33,2,120,120,1,120,60,1,60,120,TOP,EQUAL
1516297577,0,28,2,60,120,1,120,120,1,60,120,CENTER,EQUAL
1516297577,0,18,2,120,120,2,60,120,1,120,60,TOP,EQUAL
1516297672,0,17,2,60,120,1,60,120,2,120,60,CENTER,SMALLER
1516297672,0,7,2,120,120,1,120,120,2,120,60,BOTTOM,SMALLER
1516297672,0,27,1,60,120,2,120,60,2,120,120,CENTER,SMALLER
1516297672,0,22,2,60,120,1,120,60,2,120,120,TOP,LARGER
1516297672,0,12,1,60,120,1,120,60,2,120,120,CENTER,LARGER
1516297672,0,32,1,120,120,2,60,120,2,120,120,CENTER,LARGER
1516297672,0,2,1,120,120,1,120,60,2,120,60,TOP,EQUAL
1516297759,0,17,1,60,120,2,60,120,2,120,60,CENTER,LARGER
1516297759,0,7,1,120,60,2,120,60,1,60,120,TOP,LARGER
1516297759,0,22,1,120,120,2,120,60,1,120,60,BOTTOM,LARGER
1516297759,0,32,1,120,60,1,120,120,2,60,120,TOP,LARGER
1516297759,0,12,2,60,120,1,120,120,2,120,120,CENTER,EQUAL
1516297759,0,27,1,120,120,2,120,120,2,60,120,CENTER,EQUAL
1516297759,0,2,1,60,120,2,60,120,2,120,120,BOTTOM,EQUAL
1516298587,0,6,1,60,120,1,120,60,2,120,60,CENTER,LARGER
1516298587,0,1,2,120,60,2,120,120,2,60,120,CENTER,EQUAL
1516298587,0,16,1,60,120,1,120,60,2,120,60,CENTER,LARGER
1516298587,0,36,1,60,120,2,60,120,2,120,120,BOTTOM,EQUAL
1516298587,0,11,2,120,60,1,120,120,2,60,120,BOTTOM,LARGER
1516298587,0,31,2,120,120,1,120,120,1,120,60,CENTER,EQUAL
1516298587,0,26,1,120,60,1,120,120,2,60,120,CENTER,EQUAL
1516298587,0,21,1,120,60,2,60,120,2,120,60,CENTER,LARGER
1516298851,0,25,1,120,120,1,120,60,1,60,120,TOP,EQUAL
1516298851,0,15,1,120,60,2,120,120,1,120,120,CENTER,EQUAL
1516298851,0,30,1,120,60,2,120,60,1,120,120,BOTTOM,EQUAL
1516298851,0,5,2,120,60,2,120,120,1,120,120,CENTER,EQUAL
1516298851,0,35,2,120,120,2,120,60,1,120,120,BOTTOM,EQUAL
1516298851,0,10,2,120,60,1,60,120,1,120,120,TOP,SMALLER
1516298851,0,20,1,60,120,1,120,120,2,120,120,BOTTOM,EQUAL
1516300124,0,3,2,120,120,2,120,60,1,120,60,TOP,EQUAL
1516300124,0,28,1,120,60,2,120,120,2,60,120,CENTER,EQUAL
1516300124,0,8,1,60,120,1,120,120,1,120,60,CENTER,EQUAL
1516300124,0,23,2,60,120,1,120,60,2,120,60,TOP,LARGER
1516300124,0,18,1,120,60,1,60,120,2,120,120,BOTTOM,EQUAL
1516300124,0,13,1,60,120,1,120,60,2,60,120,CENTER,LARGER
1516300124,0,33,2,120,60,1,120,60,1,60,120,CENTER,LARGER
1516300842,0,17,1,120,60,2,120,60,1,60,120,TOP,LARGER
1516300842,0,32,2,120,60,1,60,120,1,120,120,TOP,SMALLER
1516300842,0,27,1,60,120,2,60,120,1,120,60,CENTER,LARGER
1516300842,0,12,1,120,60,2,120,120,1,60,120,CENTER,EQUAL
1516300842,0,2,1,120,60,2,120,60,1,60,120,TOP,LARGER
1516300842,0,22,1,60,120,1,120,60,2,60,120,CENTER,LARGER
1516300842,0,7,2,120,120,2,120,60,1,60,120,CENTER,SMALLER
1516302788,0,26,1,120,120,2,60,120,2,120,120,TOP,EQUAL
1516302788,0,21,2,120,60,2,120,120,1,60,120,CENTER,EQUAL
1516302788,0,1,1,120,120,2,120,60,1,60,120,TOP,EQUAL
1516302788,0,16,1,120,120,2,120,120,1,120,60,TOP,EQUAL
1516302788,0,11,2,120,60,2,60,120,1,120,120,TOP,SMALLER
1516302788,0,6,2,120,60,1,120,120,2,60,120,CENTER,EQUAL
1516302788,0,31,2,60,120,2,120,120,1,120,60,CENTER,EQUAL
1516302788,0,36,2,60,120,2,120,60,2,120,120,CENTER,SMALLER
1516302864,0,35,1,60,120,2,60,120,1,120,120,BOTTOM,EQUAL
1516302864,0,15,1,120,60,2,120,120,1,120,120,BOTTOM,EQUAL
1516302864,0,5,2,120,120,1,120,120,2,60,120,TOP,EQUAL
1516302864,0,10,2,120,120,1,120,60,2,60,120,TOP,EQUAL
1516302864,0,30,1,120,120,1,120,60,2,120,120,TOP,EQUAL
1516302864,0,20,1,120,60,1,120,120,2,120,120,CENTER,EQUAL
1516302864,0,25,2,60,120,1,120,60,1,120,120,BOTTOM,EQUAL
1516302914,0,22,2,120,60,1,120,120,1,120,60,CENTER,EQUAL
1516302914,0,7,1,120,60,1,60,120,2,60,120,CENTER,SMALLER
1516302914,0,32,1,60,120,1,120,120,1,120,60,CENTER,EQUAL
1516302914,0,17,2,120,120,1,120,60,1,120,120,TOP,EQUAL
1516302914,0,12,1,120,120,2,120,120,1,60,120,TOP,EQUAL
1516302914,0,27,2,120,120,2,120,60,1,120,120,TOP,EQUAL
1516302914,0,2,2,120,120,1,120,120,1,120,60,CENTER,EQUAL
1516303263,0,6,1,60,120,2,120,60,2,120,120,CENTER,SMALLER
1516303263,0,11,2,120,120,2,120,60,1,60,120,BOTTOM,SMALLER
1516303263,0,1,1,120,120,2,120,120,2,120,60,CENTER,EQUAL
1516303263,0,26,2,120,120,2,120,60,1,60,120,TOP,EQUAL
1516303263,0,16,2,120,60,2,60,120,1,120,120,CENTER,LARGER
1516303263,0,31,2,120,60,1,120,120,1,120,60,CENTER,EQUAL
1516303263,0,21,2,60,120,1,120,120,1,120,60,CENTER,EQUAL
1516303263,0,36,1,120,60,2,120,60,1,60,120,TOP,LARGER
1516304123,0,30,2,120,120,1,60,120,1,120,60,TOP,EQUAL
1516304123,0,20,2,120,120,1,60,120,2,120,60,CENTER,SMALLER
1516304123,0,25,2,120,120,2,60,120,1,60,120,BOTTOM,SMALLER
1516304123,0,35,1,120,120,2,60,120,1,120,60,TOP,EQUAL
1516304123,0,10,2,120,120,2,60,120,1,60,120,TOP,EQUAL
1516304123,0,15,1,120,120,1,120,60,2,60,120,BOTTOM,LARGER
1516304123,0,5,1,60,120,2,120,60,1,120,120,CENTER,SMALLER
1516304346,0,28,1,60,120,1,120,120,2,60,120,CENTER,EQUAL
1516304346,0,8,1,120,120,1,60,120,2,60,120,BOTTOM,LARGER
1516304346,0,3,1,60,120,1,120,120,2,120,120,CENTER,EQUAL
1516304346,0,18,1,120,60,1,60,120,1,120,120,TOP,LARGER
1516304346,0,33,1,120,60,1,60,120,2,120,60,TOP,LARGER
1516304346,0,13,1,120,120,2,120,60,1,120,60,TOP,EQUAL
1516304346,0,23,1,120,60,2,120,60,1,120,120,CENTER,SMALLER
1516304379,0,22,2,120,60,1,60,120,2,60,120,CENTER,SMALLER
1516304379,0,27,2,120,120,2,60,120,2,120,60,BOTTOM,SMALLER
1516304379,0,32,2,120,60,2,60,120,1,120,120,TOP,SMALLER
1516304379,0,17,2,60,120,1,120,60,2,120,60,BOTTOM,SMALLER
1516304379,0,2,2,120,120,2,60,120,1,120,120,CENTER,LARGER
1516304379,0,7,1,60,120,2,60,120,2,120,120,BOTTOM,EQUAL
1516304379,0,12,1,120,120,2,120,60,2,60,120,TOP,EQUAL
1516304473,0,11,2,120,120,1,60,120,2,120,60,TOP,EQUAL
1516304473,0,26,1,60,120,1,120,120,1,120,60,TOP,SMALLER
1516304473,0,6,2,120,60,2,120,120,1,120,60,BOTTOM,LARGER
1516304473,0,21,2,120,120,2,60,120,1,120,60,BOTTOM,LARGER
1516304473,0,36,2,60,120,2,120,120,1,60,120,BOTTOM,SMALLER
1516304473,0,16,1,120,60,2,120,60,2,60,120,TOP,LARGER
1516304473,0,31,1,120,120,2,120,60,2,60,120,TOP,EQUAL
1516304473,0,1,1,60,120,1,120,120,2,120,120,BOTTOM,EQUAL
1516305855,0,25,2,120,60,2,60,120,1,120,60,CENTER,LARGER
1516305855,0,10,1,60,120,1,120,60,2,60,120,TOP,SMALLER
1516305855,0,35,2,60,120,1,60,120,2,120,120,BOTTOM,EQUAL
1516305855,0,15,2,60,120,1,120,120,1,60,120,CENTER,EQUAL
1516305855,0,5,1,120,60,2,60,120,2,120,120,CENTER,LARGER
1516305855,0,30,2,120,120,1,120,120,2,60,120,CENTER,EQUAL
1516305855,0,20,1,60,120,2,120,120,1,120,120,BOTTOM,EQUAL
1516307878,0,29,2,120,120,1,120,60,2,120,60,TOP,EQUAL
1516307878,0,9,1,60,120,2,120,60,2,60,120,TOP,SMALLER
1516307878,0,19,2,120,120,2,60,120,1,120,60,TOP,EQUAL
1516307878,0,4,2,60,120,1,120,120,1,60,120,TOP,LARGER
1516307878,0,14,1,120,60,2,120,120,1,60,120,CENTER,EQUAL
1516307878,0,24,1,120,60,2,120,120,1,60,120,CENTER,EQUAL
1516307878,0,34,2,120,120,1,120,60,2,60,120,CENTER,LARGER
1516319857,0,8,2,120,60,1,120,120,1,60,120,BOTTOM,SMALLER
1516319857,0,18,2,120,120,1,120,120,2,60,120,CENTER,EQUAL
1516319857,0,33,1,60,120,1,120,120,2,60,120,CENTER,EQUAL
1516319857,0,28,1,60,120,2,120,60,1,120,120,BOTTOM,EQUAL
1516319857,0,3,2,60,120,1,120,120,2,120,120,CENTER,EQUAL
1516319857,0,23,1,60,120,1,120,120,2,60,120,CENTER,EQUAL
1516319857,0,13,1,120,60,1,60,120,1,120,120,TOP,LARGER
1516320770,0,17,2,120,60,1,120,120,2,120,120,CENTER,EQUAL
1516320770,0,27,2,120,60,1,60,120,1,120,60,BOTTOM,LARGER
1516320770,0,32,1,120,60,2,120,120,2,120,60,TOP,LARGER
1516320770,0,12,1,60,120,2,120,60,2,60,120,TOP,SMALLER
1516320770,0,7,2,60,120,2,120,60,1,120,120,BOTTOM,EQUAL
1516320770,0,2,2,120,60,1,120,60,1,120,120,TOP,SMALLER
1516320770,0,22,1,120,60,1,60,120,2,120,120,CENTER,SMALLER
1516321276,0,21,2,120,60,1,120,120,1,60,120,CENTER,EQUAL
1516321276,0,1,2,120,120,2,60,120,1,60,120,BOTTOM,SMALLER
1516321276,0,36,1,60,120,2,120,120,1,120,120,CENTER,EQUAL
1516321276,0,31,2,120,60,1,60,120,1,120,120,BOTTOM,EQUAL
1516321276,0,6,1,120,60,2,60,120,1,60,120,TOP,LARGER
1516321276,0,11,2,120,120,2,60,120,1,120,120,CENTER,LARGER
1516321276,0,26,2,120,120,1,60,120,1,120,120,BOTTOM,EQUAL
1516321276,0,16,1,60,120,1,120,60,1,120,120,CENTER,LARGER
1516323238,0,30,2,120,120,1,120,60,1,60,120,TOP,EQUAL
1516323238,0,25,2,60,120,1,120,60,2,120,60,CENTER,LARGER
1516323238,0,35,1,120,60,1,120,120,1,60,120,CENTER,EQUAL
1516323238,0,5,2,120,60,1,60,120,1,120,60,BOTTOM,LARGER
1516323238,0,15,2,120,60,1,120,60,1,60,120,CENTER,LARGER
1516323238,0,20,2,120,120,1,120,120,1,60,120,BOTTOM,SMALLER
1516323238,0,10,2,120,60,2,60,120,1,120,120,BOTTOM,EQUAL
1516323580,0,24,1,120,120,2,60,120,2,120,120,TOP,EQUAL
1516323580,0,19,2,120,120,1,120,60,1,60,120,TOP,EQUAL
1516323580,0,34,1,120,60,2,120,60,1,120,120,BOTTOM,EQUAL
1516323580,0,14,2,60,120,2,120,60,1,120,60,CENTER,SMALLER
1516323580,0,4,1,120,60,2,60,120,1,120,120,CENTER,LARGER
1516323580,0,9,2,120,60,2,60,120,1,120,120,TOP,SMALLER
1516323580,0,29,2,120,120,1,60,120,1,120,60,CENTER,SMALLER
1516324440,0,27,1,120,60,2,60,120,1,60,120,BOTTOM,SMALLER
1516324440,0,12,2,60,120,1,120,120,2,120,60,CENTER,EQUAL
1516324440,0,2,1,60,120,1,120,120,1,120,60,CENTER,EQUAL
1516324440,0,32,2,120,120,2,60,120,1,120,120,BOTTOM,EQUAL
1516324440,0,22,2,60,120,1,120,120,1,60,120,CENTER,EQUAL
1516324440,0,17,1,120,60,1,120,120,2,120,120,BOTTOM,EQUAL
1516324440,0,7,1,60,120,1,120,60,2,120,120,BOTTOM,EQUAL
1516324621,0,8,2,120,120,1,120,60,1,60,120,CENTER,LARGER
1516324621,0,3,2,60,120,1,120,120,2,120,60,CENTER,EQUAL
1516324621,0,23,2,60,120,2,120,60,2,120,120,BOTTOM,EQUAL
1516324621,0,28,2,120,120,1,60,120,1,120,60,TOP,EQUAL
1516324621,0,13,1,60,120,2,120,60,2,60,120,BOTTOM,LARGER
1516324621,0,18,1,120,60,2,60,120,1,60,120,CENTER,LARGER
1516324621,0,33,1,60,120,2,120,120,2,60,120,CENTER,EQUAL
1516326736,0,21,2,120,120,1,120,120,2,120,60,TOP,EQUAL
1516326736,0,36,2,60,120,2,120,60,1,120,120,TOP,LARGER
1516326736,0,1,2,60,120,1,120,60,1,60,120,TOP,LARGER
1516326736,0,6,1,120,120,1,60,120,2,120,120,TOP,EQUAL
1516326736,0,26,1,120,120,1,60,120,2,60,120,TOP,EQUAL
1516326736,0,11,2,120,120,1,120,60,1,120,120,TOP,EQUAL
1516326736,0,31,1,120,120,2,120,120,1,120,60,TOP,EQUAL
1516326736,0,16,2,120,60,1,60,120,1,120,60,TOP,SMALLER
1516326967,0,10,2,120,60,1,120,120,2,60,120,CENTER,EQUAL
1516326967,0,35,1,60,120,2,120,60,1,120,60,CENTER,SMALLER
1516326967,0,20,2,120,120,1,120,120,2,120,60,CENTER,EQUAL
1516326967,0,15,2,120,120,2,120,60,1,120,60,CENTER,SMALLER
1516326967,0,25,2,120,120,2,60,120,1,120,120,CENTER,LARGER
1516326967,0,30,2,120,120,1,60,120,1,120,120,CENTER,SMALLER
1516326967,0,5,2,120,120,1,120,60,2,60,120,CENTER,LARGER
1516374859,0,17,2,120,120,1,120,60,1,120,120,TOP,EQUAL
1516374859,0,27,2,120,120,2,120,60,1,120,60,BOTTOM,LARGER
1516374859,0,22,2,120,60,2,60,120,1,120,120,CENTER,LARGER
1516374859,0,7,1,120,120,2,120,60,1,60,120,CENTER,SMALLER
1516374859,0,32,1,120,60,2,120,60,1,60,120,CENTER,SMALLER
1516374859,0,12,1,120,60,2,60,120,2,120,60,TOP,LARGER
1516374859,0,2,2,60,120,1,120,120,1,120,60,CENTER,EQUAL
1516374951,0,18,1,120,60,1,120,120,2,60,120,CENTER,EQUAL
1516374951,0,33,1,120,60,2,60,120,2,120,60,TOP,LARGER
1516374951,0,8,1,120,120,2,120,120,1,120,60,CENTER,EQUAL
1516374951,0,23,2,120,120,1,120,60,1,120,120,TOP,EQUAL
1516374951,0,28,1,120,120,2,120,60,1,60,120,BOTTOM,SMALLER
1516374951,0,3,2,120,60,2,120,120,2,60,120,CENTER,EQUAL
1516374951,0,13,1,120,120,2,120,60,1,60,120,TOP,EQUAL
1516374957,0,15,2,120,60,1,60,120,2,60,120,TOP,SMALLER
1516374957,0,25,1,120,120,2,60,120,2,120,120,CENTER,LARGER
1516374957,0,30,2,120,60,1,120,120,2,120,120,CENTER,EQUAL
1516374957,0,35,1,120,60,2,60,120,1,60,120,CENTER,LARGER
1516374957,0,5,2,120,60,2,120,120,2,60,120,CENTER,EQUAL
1516374957,0,20,2,120,60,2,120,120,1,60,120,BOTTOM,SMALLER
1516374957,0,10,1,120,60,1,60,120,1,120,120,BOTTOM,EQUAL
1516375035,0,16,1,60,120,2,60,120,2,120,60,TOP,SMALLER
1516375035,0,26,2,60,120,1,120,120,1,60,120,BOTTOM,SMALLER
1516375035,0,21,2,60,120,2,120,60,1,60,120,BOTTOM,SMALLER
1516375035,0,1,1,60,120,2,120,120,2,60,120,CENTER,EQUAL
1516375035,0,11,1,120,60,2,120,120,2,60,120,BOTTOM,LARGER
1516375035,0,36,2,120,60,1,120,120,1,120,60,TOP,SMALLER
1516375035,0,6,1,120,60,2,60,120,2,120,60,BOTTOM,SMALLER
1516375035,0,31,2,60,120,1,120,60,1,120,120,BOTTOM,EQUAL
1516377110,0,9,1,120,120,1,60,120,2,120,120,CENTER,SMALLER
1516377110,0,4,2,120,60,1,60,120,2,120,120,TOP,SMALLER
1516377110,0,29,1,120,120,2,120,60,2,60,120,CENTER,SMALLER
1516377110,0,24,2,120,120,1,120,60,1,60,120,TOP,EQUAL
1516377110,0,19,1,120,60,1,120,120,1,60,120,TOP,LARGER
1516377110,0,34,1,120,60,2,60,120,2,120,120,TOP,LARGER
1516377110,0,14,2,120,60,2,60,120,2,120,120,TOP,SMALLER
1516377324,0,18,2,120,60,1,120,120,2,120,120,CENTER,EQUAL
1516377324,0,3,1,120,120,1,120,60,2,120,60,TOP,EQUAL
1516377324,0,28,2,120,120,1,120,120,1,120,60,CENTER,EQUAL
1516377324,0,23,1,120,120,1,120,60,1,60,120,TOP,EQUAL
1516377324,0,13,1,120,60,2,120,60,1,60,120,BOTTOM,SMALLER
1516377324,0,33,1,120,60,2,60,120,2,120,60,CENTER,LARGER
1516377324,0,8,2,120,60,2,120,120,2,60,120,CENTER,EQUAL
1516377711,0,2,1,60,120,2,120,120,2,120,60,CENTER,EQUAL
1516377711,0,12,1,120,60,2,120,120,1,120,120,TOP,LARGER
1516377711,0,17,1,120,60,2,120,120,2,120,60,CENTER,EQUAL
1516377711,0,22,2,60,120,2,120,60,1,120,120,CENTER,SMALLER
1516377711,0,7,2,120,120,2,120,60,1,60,120,CENTER,SMALLER
1516377711,0,32,1,60,120,1,120,60,2,60,120,CENTER,LARGER
1516377711,0,27,1,60,120,2,120,120,1,120,60,CENTER,EQUAL
1516380410,0,16,2,120,120,1,120,60,1,120,120,TOP,EQUAL
1516380410,0,1,2,60,120,2,120,60,1,120,120,BOTTOM,EQUAL
1516380410,0,36,2,120,60,2,60,120,1,120,60,BOTTOM,LARGER
1516380410,0,11,2,120,120,1,120,120,1,120,60,TOP,EQUAL
1516380410,0,6,2,120,120,2,60,120,1,60,120,CENTER,LARGER
1516380410,0,21,2,120,120,1,60,120,1,120,60,BOTTOM,LARGER
1516380410,0,31,1,120,120,2,120,120,2,60,120,CENTER,EQUAL
1516380410,0,26,2,120,60,1,120,60,1,120,120,CENTER,LARGER
1516382294,0,9,2,120,60,2,120,120,1,60,120,CENTER,EQUAL
1516382294,0,29,2,120,60,2,120,120,1,60,120,CENTER,EQUAL
1516382294,0,4,2,120,120,1,120,60,2,120,60,TOP,EQUAL
1516382294,0,19,2,60,120,1,120,60,2,120,120,BOTTOM,EQUAL
1516382294,0,34,1,120,120,1,120,60,1,60,120,CENTER,LARGER
1516382294,0,24,2,120,60,1,120,60,2,120,120,CENTER,LARGER
1516382294,0,14,1,120,120,1,60,120,2,120,60,TOP,EQUAL
